-- MySQL dump 10.13  Distrib 8.0.12, for Win64 (x86_64)
--
-- Host: 127.0.0.1    Database: backend
-- ------------------------------------------------------
-- Server version	8.0.12

/*!40101 SET @OLD_CHARACTER_SET_CLIENT=@@CHARACTER_SET_CLIENT */;
/*!40101 SET @OLD_CHARACTER_SET_RESULTS=@@CHARACTER_SET_RESULTS */;
/*!40101 SET @OLD_COLLATION_CONNECTION=@@COLLATION_CONNECTION */;
 SET NAMES utf8 ;
/*!40103 SET @OLD_TIME_ZONE=@@TIME_ZONE */;
/*!40103 SET TIME_ZONE='+00:00' */;
/*!40014 SET @OLD_UNIQUE_CHECKS=@@UNIQUE_CHECKS, UNIQUE_CHECKS=0 */;
/*!40014 SET @OLD_FOREIGN_KEY_CHECKS=@@FOREIGN_KEY_CHECKS, FOREIGN_KEY_CHECKS=0 */;
/*!40101 SET @OLD_SQL_MODE=@@SQL_MODE, SQL_MODE='NO_AUTO_VALUE_ON_ZERO' */;
/*!40111 SET @OLD_SQL_NOTES=@@SQL_NOTES, SQL_NOTES=0 */;

--
-- Table structure for table `auth_group`
--

DROP TABLE IF EXISTS `auth_group`;
/*!40101 SET @saved_cs_client     = @@character_set_client */;
 SET character_set_client = utf8mb4 ;
CREATE TABLE `auth_group` (
  `id` int(11) NOT NULL AUTO_INCREMENT,
  `name` varchar(80) NOT NULL,
  PRIMARY KEY (`id`),
  UNIQUE KEY `name` (`name`)
) ENGINE=InnoDB DEFAULT CHARSET=utf8mb4 COLLATE=utf8mb4_0900_ai_ci;
/*!40101 SET character_set_client = @saved_cs_client */;

--
-- Dumping data for table `auth_group`
--

LOCK TABLES `auth_group` WRITE;
/*!40000 ALTER TABLE `auth_group` DISABLE KEYS */;
/*!40000 ALTER TABLE `auth_group` ENABLE KEYS */;
UNLOCK TABLES;

--
-- Table structure for table `auth_group_permissions`
--

DROP TABLE IF EXISTS `auth_group_permissions`;
/*!40101 SET @saved_cs_client     = @@character_set_client */;
 SET character_set_client = utf8mb4 ;
CREATE TABLE `auth_group_permissions` (
  `id` int(11) NOT NULL AUTO_INCREMENT,
  `group_id` int(11) NOT NULL,
  `permission_id` int(11) NOT NULL,
  PRIMARY KEY (`id`),
  UNIQUE KEY `auth_group_permissions_group_id_permission_id_0cd325b0_uniq` (`group_id`,`permission_id`),
  KEY `auth_group_permissio_permission_id_84c5c92e_fk_auth_perm` (`permission_id`),
  CONSTRAINT `auth_group_permissio_permission_id_84c5c92e_fk_auth_perm` FOREIGN KEY (`permission_id`) REFERENCES `auth_permission` (`id`),
  CONSTRAINT `auth_group_permissions_group_id_b120cbf9_fk_auth_group_id` FOREIGN KEY (`group_id`) REFERENCES `auth_group` (`id`)
) ENGINE=InnoDB DEFAULT CHARSET=utf8mb4 COLLATE=utf8mb4_0900_ai_ci;
/*!40101 SET character_set_client = @saved_cs_client */;

--
-- Dumping data for table `auth_group_permissions`
--

LOCK TABLES `auth_group_permissions` WRITE;
/*!40000 ALTER TABLE `auth_group_permissions` DISABLE KEYS */;
/*!40000 ALTER TABLE `auth_group_permissions` ENABLE KEYS */;
UNLOCK TABLES;

--
-- Table structure for table `auth_permission`
--

DROP TABLE IF EXISTS `auth_permission`;
/*!40101 SET @saved_cs_client     = @@character_set_client */;
 SET character_set_client = utf8mb4 ;
CREATE TABLE `auth_permission` (
  `id` int(11) NOT NULL AUTO_INCREMENT,
  `name` varchar(255) NOT NULL,
  `content_type_id` int(11) NOT NULL,
  `codename` varchar(100) NOT NULL,
  PRIMARY KEY (`id`),
  UNIQUE KEY `auth_permission_content_type_id_codename_01ab375a_uniq` (`content_type_id`,`codename`),
  CONSTRAINT `auth_permission_content_type_id_2f476e4b_fk_django_co` FOREIGN KEY (`content_type_id`) REFERENCES `django_content_type` (`id`)
) ENGINE=InnoDB AUTO_INCREMENT=41 DEFAULT CHARSET=utf8mb4 COLLATE=utf8mb4_0900_ai_ci;
/*!40101 SET character_set_client = @saved_cs_client */;

--
-- Dumping data for table `auth_permission`
--

LOCK TABLES `auth_permission` WRITE;
/*!40000 ALTER TABLE `auth_permission` DISABLE KEYS */;
INSERT INTO `auth_permission` VALUES (1,'Can add log entry',1,'add_logentry'),(2,'Can change log entry',1,'change_logentry'),(3,'Can delete log entry',1,'delete_logentry'),(4,'Can view log entry',1,'view_logentry'),(5,'Can add permission',2,'add_permission'),(6,'Can change permission',2,'change_permission'),(7,'Can delete permission',2,'delete_permission'),(8,'Can view permission',2,'view_permission'),(9,'Can add group',3,'add_group'),(10,'Can change group',3,'change_group'),(11,'Can delete group',3,'delete_group'),(12,'Can view group',3,'view_group'),(13,'Can add user',4,'add_user'),(14,'Can change user',4,'change_user'),(15,'Can delete user',4,'delete_user'),(16,'Can view user',4,'view_user'),(17,'Can add content type',5,'add_contenttype'),(18,'Can change content type',5,'change_contenttype'),(19,'Can delete content type',5,'delete_contenttype'),(20,'Can view content type',5,'view_contenttype'),(21,'Can add session',6,'add_session'),(22,'Can change session',6,'change_session'),(23,'Can delete session',6,'delete_session'),(24,'Can view session',6,'view_session'),(25,'Can add order',8,'add_order'),(26,'Can change order',8,'change_order'),(27,'Can delete order',8,'delete_order'),(28,'Can view order',8,'view_order'),(29,'Can add store',11,'add_store'),(30,'Can change store',11,'change_store'),(31,'Can delete store',11,'delete_store'),(32,'Can view store',11,'view_store'),(33,'Can add user',10,'add_user'),(34,'Can change user',10,'change_user'),(35,'Can delete user',10,'delete_user'),(36,'Can view user',10,'view_user'),(37,'Can add vehicle',9,'add_vehicle'),(38,'Can change vehicle',9,'change_vehicle'),(39,'Can delete vehicle',9,'delete_vehicle'),(40,'Can view vehicle',9,'view_vehicle');
/*!40000 ALTER TABLE `auth_permission` ENABLE KEYS */;
UNLOCK TABLES;

--
-- Table structure for table `auth_user`
--

DROP TABLE IF EXISTS `auth_user`;
/*!40101 SET @saved_cs_client     = @@character_set_client */;
 SET character_set_client = utf8mb4 ;
CREATE TABLE `auth_user` (
  `id` int(11) NOT NULL AUTO_INCREMENT,
  `password` varchar(128) NOT NULL,
  `last_login` datetime(6) DEFAULT NULL,
  `is_superuser` tinyint(1) NOT NULL,
  `username` varchar(150) NOT NULL,
  `first_name` varchar(30) NOT NULL,
  `last_name` varchar(150) NOT NULL,
  `email` varchar(254) NOT NULL,
  `is_staff` tinyint(1) NOT NULL,
  `is_active` tinyint(1) NOT NULL,
  `date_joined` datetime(6) NOT NULL,
  PRIMARY KEY (`id`),
  UNIQUE KEY `username` (`username`)
) ENGINE=InnoDB AUTO_INCREMENT=2 DEFAULT CHARSET=utf8mb4 COLLATE=utf8mb4_0900_ai_ci;
/*!40101 SET character_set_client = @saved_cs_client */;

--
-- Dumping data for table `auth_user`
--

LOCK TABLES `auth_user` WRITE;
/*!40000 ALTER TABLE `auth_user` DISABLE KEYS */;
INSERT INTO `auth_user` VALUES (1,'pbkdf2_sha256$120000$5xxkB4MeKjCC$6inIFoY5LWy6WGPSx9Bgt8TDfjgV0uyRSq9t8AgrBj4=','2018-10-22 03:31:56.989904',1,'admin','','','',1,1,'2018-08-22 15:19:23.575587');
/*!40000 ALTER TABLE `auth_user` ENABLE KEYS */;
UNLOCK TABLES;

--
-- Table structure for table `auth_user_groups`
--

DROP TABLE IF EXISTS `auth_user_groups`;
/*!40101 SET @saved_cs_client     = @@character_set_client */;
 SET character_set_client = utf8mb4 ;
CREATE TABLE `auth_user_groups` (
  `id` int(11) NOT NULL AUTO_INCREMENT,
  `user_id` int(11) NOT NULL,
  `group_id` int(11) NOT NULL,
  PRIMARY KEY (`id`),
  UNIQUE KEY `auth_user_groups_user_id_group_id_94350c0c_uniq` (`user_id`,`group_id`),
  KEY `auth_user_groups_group_id_97559544_fk_auth_group_id` (`group_id`),
  CONSTRAINT `auth_user_groups_group_id_97559544_fk_auth_group_id` FOREIGN KEY (`group_id`) REFERENCES `auth_group` (`id`),
  CONSTRAINT `auth_user_groups_user_id_6a12ed8b_fk_auth_user_id` FOREIGN KEY (`user_id`) REFERENCES `auth_user` (`id`)
) ENGINE=InnoDB DEFAULT CHARSET=utf8mb4 COLLATE=utf8mb4_0900_ai_ci;
/*!40101 SET character_set_client = @saved_cs_client */;

--
-- Dumping data for table `auth_user_groups`
--

LOCK TABLES `auth_user_groups` WRITE;
/*!40000 ALTER TABLE `auth_user_groups` DISABLE KEYS */;
/*!40000 ALTER TABLE `auth_user_groups` ENABLE KEYS */;
UNLOCK TABLES;

--
-- Table structure for table `auth_user_user_permissions`
--

DROP TABLE IF EXISTS `auth_user_user_permissions`;
/*!40101 SET @saved_cs_client     = @@character_set_client */;
 SET character_set_client = utf8mb4 ;
CREATE TABLE `auth_user_user_permissions` (
  `id` int(11) NOT NULL AUTO_INCREMENT,
  `user_id` int(11) NOT NULL,
  `permission_id` int(11) NOT NULL,
  PRIMARY KEY (`id`),
  UNIQUE KEY `auth_user_user_permissions_user_id_permission_id_14a6b632_uniq` (`user_id`,`permission_id`),
  KEY `auth_user_user_permi_permission_id_1fbb5f2c_fk_auth_perm` (`permission_id`),
  CONSTRAINT `auth_user_user_permi_permission_id_1fbb5f2c_fk_auth_perm` FOREIGN KEY (`permission_id`) REFERENCES `auth_permission` (`id`),
  CONSTRAINT `auth_user_user_permissions_user_id_a95ead1b_fk_auth_user_id` FOREIGN KEY (`user_id`) REFERENCES `auth_user` (`id`)
) ENGINE=InnoDB DEFAULT CHARSET=utf8mb4 COLLATE=utf8mb4_0900_ai_ci;
/*!40101 SET character_set_client = @saved_cs_client */;

--
-- Dumping data for table `auth_user_user_permissions`
--

LOCK TABLES `auth_user_user_permissions` WRITE;
/*!40000 ALTER TABLE `auth_user_user_permissions` DISABLE KEYS */;
/*!40000 ALTER TABLE `auth_user_user_permissions` ENABLE KEYS */;
UNLOCK TABLES;

--
-- Table structure for table `django_admin_log`
--

DROP TABLE IF EXISTS `django_admin_log`;
/*!40101 SET @saved_cs_client     = @@character_set_client */;
 SET character_set_client = utf8mb4 ;
CREATE TABLE `django_admin_log` (
  `id` int(11) NOT NULL AUTO_INCREMENT,
  `action_time` datetime(6) NOT NULL,
  `object_id` longtext,
  `object_repr` varchar(200) NOT NULL,
  `action_flag` smallint(5) unsigned NOT NULL,
  `change_message` longtext NOT NULL,
  `content_type_id` int(11) DEFAULT NULL,
  `user_id` int(11) NOT NULL,
  PRIMARY KEY (`id`),
  KEY `django_admin_log_content_type_id_c4bce8eb_fk_django_co` (`content_type_id`),
  KEY `django_admin_log_user_id_c564eba6_fk_auth_user_id` (`user_id`),
  CONSTRAINT `django_admin_log_content_type_id_c4bce8eb_fk_django_co` FOREIGN KEY (`content_type_id`) REFERENCES `django_content_type` (`id`),
  CONSTRAINT `django_admin_log_user_id_c564eba6_fk_auth_user_id` FOREIGN KEY (`user_id`) REFERENCES `auth_user` (`id`)
) ENGINE=InnoDB AUTO_INCREMENT=29 DEFAULT CHARSET=utf8mb4 COLLATE=utf8mb4_0900_ai_ci;
/*!40101 SET character_set_client = @saved_cs_client */;

--
-- Dumping data for table `django_admin_log`
--

LOCK TABLES `django_admin_log` WRITE;
/*!40000 ALTER TABLE `django_admin_log` DISABLE KEYS */;
INSERT INTO `django_admin_log` VALUES (1,'2018-09-17 01:34:53.403386','601','601',2,'[{\"changed\": {\"fields\": [\"returndate\", \"returnstore\"]}}]',8,1),(2,'2018-09-17 01:39:46.749791','601','601',2,'[{\"changed\": {\"fields\": [\"returndate\", \"returnstore\"]}}]',8,1),(3,'2018-09-19 02:19:29.353588','603','603',1,'[{\"added\": {}}]',8,1),(4,'2018-09-19 02:19:48.036148','604','604',1,'[{\"added\": {}}]',8,1),(5,'2018-09-19 02:20:06.268009','605','605',1,'[{\"added\": {}}]',8,1),(6,'2018-10-08 14:25:43.391871','11560','11560',1,'[{\"added\": {}}]',10,1),(7,'2018-10-08 14:26:07.166010','11560','11560',2,'[{\"changed\": {\"fields\": [\"username\"]}}]',10,1),(8,'2018-10-16 07:36:14.547548','11561','11561',3,'',10,1),(9,'2018-10-16 07:39:43.403811','11562','11562',3,'',10,1),(10,'2018-10-16 07:39:43.413726','11562','11562',3,'',10,1),(11,'2018-10-17 08:20:32.160783','606','606',1,'[{\"added\": {}}]',8,1),(12,'2018-10-21 04:04:40.224691','15401','15401',1,'[{\"added\": {}}]',9,1),(13,'2018-10-21 04:06:18.753005','15402','15402',1,'[{\"added\": {}}]',9,1),(14,'2018-10-21 04:18:47.851373','606','606',2,'[{\"changed\": {\"fields\": [\"carid\", \"createdate\", \"pickupdate\", \"pickupstore\", \"returndate\"]}}]',8,1),(15,'2018-10-21 04:20:00.824896','607','607',1,'[{\"added\": {}}]',8,1),(16,'2018-10-22 03:29:50.177322','608','608',3,'',8,1),(17,'2018-10-22 03:32:01.986886','609','609',3,'',8,1),(18,'2018-10-22 03:32:01.994900','609','609',3,'',8,1),(19,'2018-10-22 03:47:23.653011','11563','11563',3,'',10,1),(20,'2018-10-22 03:48:18.072517','11560','11560',2,'[{\"changed\": {\"fields\": [\"phone\", \"username\", \"password\"]}}]',10,1),(21,'2018-10-22 03:49:46.789751','610','610',3,'',8,1),(22,'2018-10-22 03:50:22.454458','607','607',2,'[{\"changed\": {\"fields\": [\"returnstore\"]}}]',8,1),(23,'2018-10-22 03:50:28.562641','606','606',2,'[{\"changed\": {\"fields\": [\"returnstore\"]}}]',8,1),(24,'2018-10-22 03:50:44.021641','605','605',3,'',8,1),(25,'2018-10-22 03:50:51.382985','604','604',3,'',8,1),(26,'2018-10-22 03:51:22.005611','603','603',3,'',8,1),(27,'2018-10-22 03:51:26.558540','602','602',3,'',8,1),(28,'2018-10-22 03:51:32.432028','601','601',3,'',8,1);
/*!40000 ALTER TABLE `django_admin_log` ENABLE KEYS */;
UNLOCK TABLES;

--
-- Table structure for table `django_content_type`
--

DROP TABLE IF EXISTS `django_content_type`;
/*!40101 SET @saved_cs_client     = @@character_set_client */;
 SET character_set_client = utf8mb4 ;
CREATE TABLE `django_content_type` (
  `id` int(11) NOT NULL AUTO_INCREMENT,
  `app_label` varchar(100) NOT NULL,
  `model` varchar(100) NOT NULL,
  PRIMARY KEY (`id`),
  UNIQUE KEY `django_content_type_app_label_model_76bd3d3b_uniq` (`app_label`,`model`)
) ENGINE=InnoDB AUTO_INCREMENT=12 DEFAULT CHARSET=utf8mb4 COLLATE=utf8mb4_0900_ai_ci;
/*!40101 SET character_set_client = @saved_cs_client */;

--
-- Dumping data for table `django_content_type`
--

LOCK TABLES `django_content_type` WRITE;
/*!40000 ALTER TABLE `django_content_type` DISABLE KEYS */;
INSERT INTO `django_content_type` VALUES (1,'admin','logentry'),(3,'auth','group'),(2,'auth','permission'),(4,'auth','user'),(5,'contenttypes','contenttype'),(8,'Search','order'),(7,'Search','orders'),(11,'Search','store'),(10,'Search','user'),(9,'Search','vehicle'),(6,'sessions','session');
/*!40000 ALTER TABLE `django_content_type` ENABLE KEYS */;
UNLOCK TABLES;

--
-- Table structure for table `django_migrations`
--

DROP TABLE IF EXISTS `django_migrations`;
/*!40101 SET @saved_cs_client     = @@character_set_client */;
 SET character_set_client = utf8mb4 ;
CREATE TABLE `django_migrations` (
  `id` int(11) NOT NULL AUTO_INCREMENT,
  `app` varchar(255) NOT NULL,
  `name` varchar(255) NOT NULL,
  `applied` datetime(6) NOT NULL,
  PRIMARY KEY (`id`)
) ENGINE=InnoDB AUTO_INCREMENT=17 DEFAULT CHARSET=utf8mb4 COLLATE=utf8mb4_0900_ai_ci;
/*!40101 SET character_set_client = @saved_cs_client */;

--
-- Dumping data for table `django_migrations`
--

LOCK TABLES `django_migrations` WRITE;
/*!40000 ALTER TABLE `django_migrations` DISABLE KEYS */;
INSERT INTO `django_migrations` VALUES (1,'contenttypes','0001_initial','2018-08-21 15:13:41.655796'),(2,'auth','0001_initial','2018-08-21 15:13:43.603088'),(3,'admin','0001_initial','2018-08-21 15:13:44.118928'),(4,'admin','0002_logentry_remove_auto_add','2018-08-21 15:13:44.134304'),(5,'admin','0003_logentry_add_action_flag_choices','2018-08-21 15:13:44.160096'),(6,'contenttypes','0002_remove_content_type_name','2018-08-21 15:13:44.469599'),(7,'auth','0002_alter_permission_name_max_length','2018-08-21 15:13:44.669487'),(8,'auth','0003_alter_user_email_max_length','2018-08-21 15:13:44.717599'),(9,'auth','0004_alter_user_username_opts','2018-08-21 15:13:44.734959'),(10,'auth','0005_alter_user_last_login_null','2018-08-21 15:13:45.053390'),(11,'auth','0006_require_contenttypes_0002','2018-08-21 15:13:45.062815'),(12,'auth','0007_alter_validators_add_error_messages','2018-08-21 15:13:45.078689'),(13,'auth','0008_alter_user_username_max_length','2018-08-21 15:13:45.270638'),(14,'auth','0009_alter_user_last_name_max_length','2018-08-21 15:13:45.462094'),(15,'sessions','0001_initial','2018-08-21 15:13:45.612878'),(16,'Search','0001_initial','2018-10-08 15:45:55.836511');
/*!40000 ALTER TABLE `django_migrations` ENABLE KEYS */;
UNLOCK TABLES;

--
-- Table structure for table `django_session`
--

DROP TABLE IF EXISTS `django_session`;
/*!40101 SET @saved_cs_client     = @@character_set_client */;
 SET character_set_client = utf8mb4 ;
CREATE TABLE `django_session` (
  `session_key` varchar(40) NOT NULL,
  `session_data` longtext NOT NULL,
  `expire_date` datetime(6) NOT NULL,
  PRIMARY KEY (`session_key`),
  KEY `django_session_expire_date_a5c62663` (`expire_date`)
) ENGINE=InnoDB DEFAULT CHARSET=utf8mb4 COLLATE=utf8mb4_0900_ai_ci;
/*!40101 SET character_set_client = @saved_cs_client */;

--
-- Dumping data for table `django_session`
--

LOCK TABLES `django_session` WRITE;
/*!40000 ALTER TABLE `django_session` DISABLE KEYS */;
INSERT INTO `django_session` VALUES ('jluh9dpwoxgkp4gicekh8mr1zizs959y','YThhMzM2OTA0OTU3MmNiYWYyNDUwOWE0M2YxZGFiNTQ4MTU3MjBjZjp7Il9hdXRoX3VzZXJfaWQiOiIxIiwiX2F1dGhfdXNlcl9iYWNrZW5kIjoiZGphbmdvLmNvbnRyaWIuYXV0aC5iYWNrZW5kcy5Nb2RlbEJhY2tlbmQiLCJfYXV0aF91c2VyX2hhc2giOiI4NDcyM2M1ZWUzNGZmMzk4OGY1MDViM2VlYzE1ZTYzZjExYjZjNGQ2In0=','2018-09-05 15:22:01.955930'),('qr64twfnl9osh50cmefqwwbincjbp6zo','YThhMzM2OTA0OTU3MmNiYWYyNDUwOWE0M2YxZGFiNTQ4MTU3MjBjZjp7Il9hdXRoX3VzZXJfaWQiOiIxIiwiX2F1dGhfdXNlcl9iYWNrZW5kIjoiZGphbmdvLmNvbnRyaWIuYXV0aC5iYWNrZW5kcy5Nb2RlbEJhY2tlbmQiLCJfYXV0aF91c2VyX2hhc2giOiI4NDcyM2M1ZWUzNGZmMzk4OGY1MDViM2VlYzE1ZTYzZjExYjZjNGQ2In0=','2018-10-30 07:36:04.891846'),('qvsid84yp1h62vjztxtdmduysdtjcrtw','YThhMzM2OTA0OTU3MmNiYWYyNDUwOWE0M2YxZGFiNTQ4MTU3MjBjZjp7Il9hdXRoX3VzZXJfaWQiOiIxIiwiX2F1dGhfdXNlcl9iYWNrZW5kIjoiZGphbmdvLmNvbnRyaWIuYXV0aC5iYWNrZW5kcy5Nb2RlbEJhY2tlbmQiLCJfYXV0aF91c2VyX2hhc2giOiI4NDcyM2M1ZWUzNGZmMzk4OGY1MDViM2VlYzE1ZTYzZjExYjZjNGQ2In0=','2018-09-30 23:31:17.474336'),('u6hyplgi1kptgjb6g15adi24exwwnf3x','N2MzMmRiNjZlMjEyMTYwYTg5YWMxMzYzOWE4ODQ0YmE2Y2RjNzJkZDp7ImVtYWlsIjoibHVrZWNhbUBob3RtYWlsLmNvbSIsIl9hdXRoX3VzZXJfaWQiOiIxIiwiX2F1dGhfdXNlcl9iYWNrZW5kIjoiZGphbmdvLmNvbnRyaWIuYXV0aC5iYWNrZW5kcy5Nb2RlbEJhY2tlbmQiLCJfYXV0aF91c2VyX2hhc2giOiI4NDcyM2M1ZWUzNGZmMzk4OGY1MDViM2VlYzE1ZTYzZjExYjZjNGQ2In0=','2018-11-05 03:29:28.130407'),('urbdjjjlhh0ybbgu0gb8ybtc87mq3ep1','YThhMzM2OTA0OTU3MmNiYWYyNDUwOWE0M2YxZGFiNTQ4MTU3MjBjZjp7Il9hdXRoX3VzZXJfaWQiOiIxIiwiX2F1dGhfdXNlcl9iYWNrZW5kIjoiZGphbmdvLmNvbnRyaWIuYXV0aC5iYWNrZW5kcy5Nb2RlbEJhY2tlbmQiLCJfYXV0aF91c2VyX2hhc2giOiI4NDcyM2M1ZWUzNGZmMzk4OGY1MDViM2VlYzE1ZTYzZjExYjZjNGQ2In0=','2018-10-30 07:32:26.847777'),('usghmuuhnzinjh4efk0ka40mm29vgr8n','N2MzMmRiNjZlMjEyMTYwYTg5YWMxMzYzOWE4ODQ0YmE2Y2RjNzJkZDp7ImVtYWlsIjoibHVrZWNhbUBob3RtYWlsLmNvbSIsIl9hdXRoX3VzZXJfaWQiOiIxIiwiX2F1dGhfdXNlcl9iYWNrZW5kIjoiZGphbmdvLmNvbnRyaWIuYXV0aC5iYWNrZW5kcy5Nb2RlbEJhY2tlbmQiLCJfYXV0aF91c2VyX2hhc2giOiI4NDcyM2M1ZWUzNGZmMzk4OGY1MDViM2VlYzE1ZTYzZjExYjZjNGQ2In0=','2018-11-05 03:31:56.997882');
/*!40000 ALTER TABLE `django_session` ENABLE KEYS */;
UNLOCK TABLES;

--
-- Table structure for table `order`
--

DROP TABLE IF EXISTS `order`;
/*!40101 SET @saved_cs_client     = @@character_set_client */;
 SET character_set_client = utf8mb4 ;
CREATE TABLE `order` (
  `orderID` int(16) NOT NULL AUTO_INCREMENT,
  `userID` int(16) DEFAULT NULL,
  `carID` int(16) DEFAULT NULL,
  `createDate` varchar(10) DEFAULT NULL,
  `pickupDate` varchar(10) DEFAULT NULL,
  `pickupStore` int(8) DEFAULT NULL,
  `returnDate` varchar(10) DEFAULT NULL,
  `returnStore` int(8) DEFAULT NULL,
  PRIMARY KEY (`orderID`),
  KEY `userID` (`userID`),
  KEY `carID` (`carID`),
  KEY `order_ibfk_3_idx` (`pickupStore`),
  KEY `order_ibfk_4_idx` (`returnStore`),
  CONSTRAINT `order_dropoff_store` FOREIGN KEY (`returnStore`) REFERENCES `store` (`storeid`),
  CONSTRAINT `order_ibfk_1` FOREIGN KEY (`userID`) REFERENCES `user` (`userid`),
  CONSTRAINT `order_ibfk_2` FOREIGN KEY (`carID`) REFERENCES `vehicle` (`carid`),
  CONSTRAINT `order_pickup_store` FOREIGN KEY (`pickupStore`) REFERENCES `store` (`storeid`)
) ENGINE=InnoDB AUTO_INCREMENT=611 DEFAULT CHARSET=utf8mb4 COLLATE=utf8mb4_0900_ai_ci;
/*!40101 SET character_set_client = @saved_cs_client */;

--
-- Dumping data for table `order`
--

LOCK TABLES `order` WRITE;
/*!40000 ALTER TABLE `order` DISABLE KEYS */;
INSERT INTO `order` VALUES (3,11014,14806,'20050703','20050703',3,'20050711',16),(4,11012,14816,'20050704','20050704',12,'20050709',8),(5,11011,14810,'20050705','20050705',5,'20050710',5),(6,11011,14812,'20050706','20050709',6,'20050715',25),(7,11014,14814,'20050707','20050707',7,'20050715',14),(8,11016,14816,'20050708','20050709',8,'20050716',29),(9,11014,14818,'20050709','20050709',9,'20050718',18),(11,11059,14811,'20050711','20050711',11,'20050716',13),(12,11017,14812,'20050712','20050715',25,'20050813',25),(14,11055,14814,'20050714','20050715',14,'20050719',14),(15,11056,14815,'20050715','20050715',15,'20050724',15),(16,11052,14816,'20050716','20050716',29,'20050817',29),(18,11055,14818,'20050718','20050718',18,'20050723',18),(19,11017,14819,'20050719','20050720',14,'20050810',14),(20,11052,14835,'20050720','20050723',15,'20050804',35),(22,11018,14839,'20050722','20050722',17,'20050808',39),(23,11015,14838,'20050723','20050723',15,'20050807',25),(24,11018,14843,'20050724','20050727',19,'20050812',19),(25,11016,14850,'20050725','20050725',25,'20050814',5),(26,11018,14847,'20050726','20050729',21,'20050814',21),(27,11051,14846,'20050727','20050727',19,'20050812',3),(29,11016,14858,'20050729','20050729',29,'20050818',9),(30,11016,14860,'20050730','20050730',30,'20050820',10),(31,11012,14831,'20050731','20050731',21,'20050824',24),(32,11015,14832,'20050801','20050804',21,'20050806',21),(33,11019,14833,'20050802','20050802',33,'20050807',15),(34,11057,14834,'20050803','20050803',21,'20050824',21),(35,11056,14835,'20050804','20050804',35,'20050813',35),(36,11057,14836,'20050805','20050805',23,'20050826',23),(37,11013,14837,'20050806','20050806',37,'20050815',37),(38,11012,14838,'20050807','20050807',25,'20050828',25),(39,11014,14839,'20050808','20050808',39,'20050816',9),(40,11013,14880,'20050809','20050810',40,'20050921',15),(41,11016,14842,'20050810','20050810',1,'20050819',1),(42,11015,14855,'20050811','20050814',13,'20050816',13),(43,11059,14846,'20050812','20050812',3,'20050817',10),(44,11051,14859,'20050813','20050816',15,'20050828',19),(45,11053,14850,'20050814','20050814',5,'20050823',5),(46,11051,14863,'20050815','20050815',17,'20050901',23),(47,11053,14854,'20050816','20050816',7,'20050824',14),(48,11017,14870,'20050817','20050818',22,'20050908',30),(49,11053,14858,'20050818','20050818',9,'20050827',18),(50,11050,14860,'20050819','20050820',10,'20050829',11),(51,11015,14851,'20050820','20050821',22,'20050825',22),(52,11015,14852,'20050821','20050821',23,'20050907',16),(53,11018,14853,'20050822','20050822',9,'20050910',9),(54,11053,14854,'20050823','20050824',14,'20050912',14),(55,11012,14831,'20050824','20050824',24,'20050915',24),(56,11019,14856,'20050825','20050826',16,'20050910',14),(57,11018,14857,'20050826','20050826',13,'20050914',13),(58,11011,14858,'20050827','20050827',18,'20050912',18),(59,11019,14859,'20050828','20050828',19,'20050913',9),(60,11012,14860,'20050829','20050829',11,'20050910',11),(61,11054,14861,'20050830','20050830',17,'20050918',21),(63,11053,14863,'20050901','20050901',23,'20050910',23),(64,11052,14864,'20050902','20050902',17,'20050923',17),(65,11054,14865,'20050903','20050903',18,'20050911',25),(66,11056,14866,'20050904','20050905',26,'20050913',26),(67,11011,14867,'20050905','20050905',27,'20050910',27),(68,11057,14852,'20050906','20050907',16,'20050907',17),(69,11057,14852,'20050907','20050907',17,'20050928',17),(70,11055,14870,'20050908','20050908',30,'20050913',30),(71,11011,14871,'20050909','20050909',31,'20050914',31),(72,11010,14872,'20050910','20050911',32,'20051001',21),(73,11015,14873,'20050911','20050911',23,'20050916',23),(74,11015,14874,'20050912','20050915',24,'20050917',24),(75,11017,14875,'20050913','20050914',28,'20051014',28),(76,11015,14876,'20050914','20050915',26,'20050919',26),(77,11013,14877,'20050915','20050915',37,'20050924',37),(78,11014,14878,'20050916','20050917',38,'20050924',13),(79,11014,14879,'20050917','20050917',39,'20050925',14),(80,11017,14880,'20050918','20050921',15,'20051019',15),(81,11051,14881,'20050919','20050919',13,'20050924',13),(82,11057,14882,'20050920','20050920',12,'20051011',12),(83,11055,14883,'20050921','20050921',3,'20050926',3),(84,11010,14884,'20050922','20050923',4,'20051010',4),(85,11052,14885,'20050923','20050924',20,'20051014',20),(87,11058,14887,'20050925','20050925',7,'20051013',7),(88,11052,14888,'20050926','20050926',23,'20051017',23),(89,11051,14889,'20050927','20050927',21,'20051012',21),(90,11057,14890,'20050928','20050929',20,'20051019',20),(91,11014,14891,'20050929','20050929',11,'20051017',10),(93,11012,14872,'20051001','20051001',21,'20051007',26),(95,11015,14895,'20051003','20051003',25,'20051008',25),(96,11051,14896,'20051004','20051005',26,'20051009',26),(97,11014,14897,'20051005','20051005',17,'20051013',14),(98,11012,14872,'20051006','20051007',26,'20051027',26),(99,11017,14899,'20051007','20051008',14,'20051028',14),(100,11016,14900,'20051008','20051009',20,'20051017',20),(101,11113,14901,'20051009','20051009',21,'20051018',21),(102,11114,14902,'20051010','20051010',17,'20051018',22),(103,11114,14903,'20051011','20051011',18,'20051022',10),(104,11116,14904,'20051012','20051015',24,'20051021',24),(105,11115,14905,'20051013','20051013',25,'20051018',25),(106,11112,14906,'20051014','20051014',21,'20051025',10),(107,11113,14907,'20051015','20051015',27,'20051024',27),(108,11111,14908,'20051016','20051017',20,'20051021',20),(109,11119,14909,'20051017','20051017',29,'20051022',15),(110,11112,14910,'20051018','20051021',25,'20051119',25),(111,11117,14911,'20051019','20051019',21,'20051110',21),(112,11119,14912,'20051020','20051021',32,'20051025',10),(113,11114,14903,'20051021','20051022',10,'20051026',14),(114,11111,14914,'20051022','20051023',26,'20051027',26),(115,11115,14915,'20051023','20051023',35,'20051028',35),(116,11111,14906,'20051024','20051025',10,'20051108',25),(117,11114,14903,'20051025','20051026',14,'20051026',15),(118,11112,14903,'20051026','20051026',15,'20051028',16),(119,11114,14903,'20051027','20051028',16,'20051115',39),(120,11117,14920,'20051028','20051028',12,'20051110',13),(121,11114,14921,'20051029','20051029',18,'20051117',1),(122,11158,14922,'20051030','20051030',2,'20051118',2),(123,11116,14923,'20051031','20051031',3,'20051112',9),(124,11111,14924,'20051101','20051101',15,'20051112',10),(125,11116,14925,'20051102','20051102',5,'20051111',5),(126,11112,14926,'20051103','20051104',20,'20051124',20),(127,11115,14927,'20051104','20051104',7,'20051128',24),(128,11158,14928,'20051105','20051106',8,'20051113',8),(129,11159,14929,'20051106','20051107',20,'20051201',25),(130,11114,14930,'20051107','20051107',24,'20051115',10),(131,11157,14906,'20051108','20051108',25,'20051114',31),(132,11156,14923,'20051109','20051112',9,'20051115',15),(133,11158,14920,'20051110','20051110',13,'20051114',16),(134,11114,14924,'20051111','20051112',10,'20051112',11),(135,11150,14924,'20051112','20051112',11,'20051210',28),(136,11119,14920,'20051113','20051114',16,'20051116',19),(137,11157,14906,'20051114','20051114',31,'20051215',31),(138,11156,14923,'20051115','20051115',15,'20051124',15),(139,11151,14920,'20051116','20051116',19,'20051206',36),(140,11155,14940,'20051117','20051118',20,'20051122',20),(141,11154,14941,'20051118','20051118',21,'20051210',12),(142,11152,14942,'20051119','20051119',18,'20051210',18),(143,11154,14943,'20051120','20051120',23,'20051202',12),(144,11153,14944,'20051121','20051124',21,'20051206',14),(145,11116,14945,'20051122','20051122',25,'20051211',25),(146,11155,14946,'20051123','20051124',26,'20051128',26),(147,11117,14947,'20051124','20051124',18,'20051205',10),(148,11119,14948,'20051125','20051126',28,'20051210',11),(149,11153,14949,'20051126','20051127',26,'20051215',26),(150,11154,14950,'20051127','20051127',30,'20051215',30),(151,11111,14927,'20051128','20051128',24,'20051213',24),(152,11157,14924,'20051129','20051129',28,'20051210',28),(153,11153,14941,'20051130','20051130',12,'20051219',12),(154,11111,14929,'20051201','20051201',25,'20051206',25),(155,11156,14943,'20051202','20051202',12,'20051207',16),(156,11155,14920,'20051203','20051206',36,'20051208',36),(157,11159,14947,'20051204','20051205',10,'20051209',12),(158,11157,14944,'20051205','20051206',14,'20051208',17),(159,11156,14943,'20051206','20051207',16,'20051207',17),(160,11153,14943,'20051207','20051207',17,'20051211',20),(161,11152,14944,'20051208','20051208',17,'20051212',20),(162,11154,14967,'20051209','20051210',2,'20060103',26),(163,11156,14943,'20051210','20051211',20,'20051215',25),(164,11150,14944,'20051211','20051212',20,'20051218',27),(165,11158,14960,'20051212','20051212',5,'20051222',15),(166,11154,14961,'20051213','20051213',6,'20051219',9),(167,11154,14962,'20051214','20051214',7,'20051224',14),(168,11156,14943,'20051215','20051215',25,'20051224',25),(170,11156,14961,'20051217','20051220',9,'20051219',11),(171,11157,14944,'20051218','20051218',27,'20051220',29),(172,11156,14961,'20051219','20051219',11,'20060111',22),(173,11152,14944,'20051220','20051220',29,'20060111',29),(174,11158,14969,'20051221','20051222',14,'20060101',25),(175,11158,14960,'20051222','20051222',15,'20060110',15),(176,11157,14962,'20051223','20051224',14,'20051224',15),(177,11152,14962,'20051224','20051224',15,'20051226',16),(178,11152,14962,'20051225','20051226',16,'20051226',17),(179,11152,14962,'20051226','20051226',17,'20051228',20),(180,11155,14962,'20051227','20051228',20,'20060110',20),(181,11154,14966,'20051228','20051228',21,'20060103',21),(182,11157,14962,'20051229','20051229',20,'20060115',38),(183,11156,14961,'20051230','20051230',22,'20060106',30),(184,11159,14965,'20051231','20051231',19,'20060116',15),(185,11158,14969,'20060101','20060101',25,'20060105',28),(186,11151,14967,'20060102','20060103',26,'20060106',22),(187,11153,14966,'20060103','20060103',21,'20060112',21),(188,11151,14969,'20060104','20060105',28,'20060109',28),(189,11157,14967,'20060105','20060106',22,'20060107',24),(190,11151,14961,'20060106','20060106',30,'20060111',30),(191,11152,14967,'20060107','20060107',24,'20060110',26),(193,11157,14967,'20060109','20060110',26,'20060112',28),(194,11150,14985,'20060110','20060113',9,'20060112',11),(195,11152,14967,'20060111','20060112',28,'20060212',28),(196,11150,14985,'20060112','20060112',11,'20060113',12),(197,11150,14985,'20060113','20060113',12,'20060121',12),(198,11158,14962,'20060114','20060115',38,'20060122',38),(199,11156,14984,'20060115','20060115',15,'20060124',15),(200,11154,15004,'20060116','20060117',40,'20060121',4),(201,11250,15001,'20060117','20060117',1,'20060203',18),(202,11259,15002,'20060118','20060119',2,'20060123',11),(203,11258,15003,'20060119','20060119',18,'20060211',12),(204,11256,15004,'20060120','20060121',4,'20060129',13),(205,11251,15005,'20060121','20060121',5,'20060127',11),(206,11259,15006,'20060122','20060125',6,'20060211',9),(207,11253,15007,'20060123','20060123',7,'20060212',7),(208,11258,15008,'20060124','20060124',23,'20060224',38),(209,11253,15009,'20060125','20060125',9,'20060202',16),(210,11251,15010,'20060126','20060127',10,'20060211',10),(211,11254,15005,'20060127','20060127',11,'20060211',14),(212,11251,15003,'20060128','20060128',12,'20060224',39),(213,11259,15004,'20060129','20060129',13,'20060214',14),(214,11251,15005,'20060130','20060130',14,'20060218',32),(215,11255,15006,'20060131','20060131',9,'20060220',28),(216,11254,15009,'20060201','20060202',16,'20060218',24),(217,11250,15000,'20060202','20060202',17,'20060210',17),(218,11250,15001,'20060203','20060203',18,'20060216',31),(220,11251,15020,'20060205','20060206',20,'20060210',20),(222,11251,15022,'20060207','20060208',22,'20060212',22),(223,11253,15023,'20060208','20060208',23,'20060217',23),(224,11256,15024,'20060209','20060212',24,'20060310',29),(225,11258,15025,'20060210','20060210',19,'20060218',19),(226,11252,15026,'20060211','20060211',15,'20060312',15),(227,11256,15027,'20060212','20060212',27,'20060221',27),(228,11256,15028,'20060213','20060214',28,'20060222',28),(229,11259,15029,'20060214','20060214',29,'20060219',11),(230,11252,15030,'20060215','20060218',19,'20060316',19),(231,11251,15001,'20060216','20060216',31,'20060221',31),(232,11254,15005,'20060217','20060218',32,'20060225',10),(233,11255,15009,'20060218','20060218',24,'20060220',35),(234,11217,15006,'20060219','20060220',28,'20060222',31),(235,11256,15009,'20060220','20060220',35,'20060228',35),(236,11252,15011,'20060221','20060224',25,'20060312',25),(237,11217,15006,'20060222','20060222',31,'20060313',31),(238,11251,15008,'20060223','20060224',38,'20060228',38),(239,11256,15003,'20060224','20060224',39,'20060313',39),(240,11219,15040,'20060225','20060228',13,'20060315',18),(241,11219,15041,'20060226','20060227',14,'20060312',15),(243,11213,15043,'20060228','20060228',20,'20060308',11),(244,11218,15044,'20060301','20060302',4,'20060405',39),(245,11215,15045,'20060302','20060302',5,'20060320',18),(246,11217,15046,'20060303','20060304',22,'20060328',30),(247,11218,15047,'20060304','20060304',7,'20060312',12),(248,11216,15048,'20060305','20060305',25,'20060320',22),(249,11214,15049,'20060306','20060306',9,'20060324',27),(250,11219,15050,'20060307','20060307',23,'20060312',11),(251,11259,15043,'20060308','20060308',11,'20060314',17),(252,11254,15047,'20060309','20060312',12,'20060313',9),(253,11257,15024,'20060310','20060310',29,'20060411',29),(254,11210,15042,'20060311','20060314',12,'20060318',20),(255,11256,15041,'20060312','20060312',15,'20060316',19),(256,11252,15047,'20060313','20060313',9,'20060319',14),(257,11256,15043,'20060314','20060314',17,'20060323',17),(258,11251,15040,'20060315','20060315',18,'20060324',24),(259,11259,15041,'20060316','20060316',19,'20060324',26),(260,11259,15042,'20060317','20060318',20,'20060410',31),(261,11252,15047,'20060318','20060319',14,'20060410',32),(262,11253,15048,'20060319','20060320',22,'20060403',37),(263,11255,15045,'20060320','20060320',18,'20060323',20),(264,11256,15040,'20060321','20060324',24,'20060326',28),(265,11255,15045,'20060322','20060323',20,'20060326',24),(266,11250,15041,'20060323','20060324',26,'20060411',26),(267,11251,15049,'20060324','20060324',27,'20060329',27),(268,11259,15040,'20060325','20060326',28,'20060401',35),(269,11255,15045,'20060326','20060326',24,'20060411',24),(270,11253,15046,'20060327','20060327',30,'20060328',31),(271,11254,15046,'20060328','20060328',31,'20060412',34),(272,11254,15047,'20060329','20060329',32,'20060405',36),(273,11257,15042,'20060330','20060330',31,'20060411',31),(274,11251,15046,'20060331','20060331',34,'20060416',34),(275,11256,15040,'20060401','20060401',35,'20060410',35),(276,11259,15047,'20060402','20060405',36,'20060407',15),(277,11259,15048,'20060403','20060403',37,'20060408',8),(278,11255,15066,'20060404','20060404',12,'20060415',22),(279,11256,15044,'20060405','20060405',39,'20060414',39),(280,11257,15063,'20060406','20060406',17,'20060413',24),(281,11251,15082,'20060407','20060407',1,'20060513',37),(282,11256,15087,'20060408','20060409',2,'20060417',2),(283,11252,15068,'20060409','20060409',15,'20060411',17),(284,11254,15088,'20060410','20060411',4,'20060419',13),(285,11252,15068,'20060411','20060411',17,'20060512',17),(286,11256,15081,'20060412','20060412',6,'20060419',9),(287,11258,15063,'20060413','20060413',24,'20060416',26),(288,11255,15066,'20060414','20060415',22,'20060419',22),(289,11258,15063,'20060415','20060416',26,'20060423',31),(290,11258,15081,'20060416','20060419',9,'20060424',17),(291,11250,15085,'20060417','20060417',11,'20060507',31),(292,11251,15083,'20060418','20060418',12,'20060515',39),(293,11256,15088,'20060419','20060419',13,'20060423',17),(294,11257,15063,'20060420','20060423',31,'20060511',31),(295,11255,15084,'20060421','20060421',11,'20060426',11),(296,11254,15080,'20060422','20060423',16,'20060425',19),(297,11259,15088,'20060423','20060423',17,'20060428',12),(298,11257,15081,'20060424','20060424',17,'20060515',17),(299,11259,15080,'20060425','20060425',19,'20060510',14),(300,11253,15100,'20060426','20060427',20,'20060515',20),(301,11355,15101,'20060427','20060427',21,'20060508',11),(302,11359,15102,'20060428','20060429',22,'20060513',10),(303,11351,15103,'20060429','20060429',19,'20060514',19),(304,11350,15104,'20060430','20060430',24,'20060512',12),(305,11353,15105,'20060501','20060501',25,'20060510',25),(306,11354,15106,'20060502','20060502',23,'20060514',12),(307,11355,15107,'20060503','20060503',27,'20060508',27),(308,11352,15108,'20060504','20060504',25,'20060525',25),(309,11353,15109,'20060505','20060505',29,'20060514',29),(310,11351,15110,'20060506','20060506',24,'20060511',24),(311,11350,15085,'20060507','20060507',31,'20060511',34),(312,11354,15101,'20060508','20060508',11,'20060509',12),(313,11354,15101,'20060509','20060509',12,'20060517',33),(314,11359,15085,'20060510','20060511',34,'20060515',12),(315,11350,15089,'20060511','20060511',35,'20060519',35),(316,11351,15104,'20060512','20060512',12,'20060517',12),(317,11353,15082,'20060513','20060513',37,'20060522',37),(318,11357,15106,'20060514','20060514',12,'20060527',25),(319,11350,15083,'20060515','20060515',39,'20060523',39),(320,11350,15124,'20060516','20060517',40,'20060521',4),(321,11350,15121,'20060517','20060517',1,'20060525',1),(322,11354,15122,'20060518','20060518',21,'20060624',38),(323,11356,15123,'20060519','20060519',3,'20060618',33),(324,11353,15124,'20060520','20060521',4,'20060620',34),(325,11358,15125,'20060521','20060521',5,'20060529',5),(326,11352,15126,'20060522','20060525',25,'20060613',25),(327,11357,15127,'20060523','20060523',21,'20060603',10),(328,11358,15128,'20060524','20060525',8,'20060611',14),(329,11357,15129,'20060525','20060525',23,'20060602',16),(330,11352,15130,'20060526','20060526',29,'20060617',29),(331,11312,15106,'20060527','20060527',25,'20060529',26),(332,11312,15106,'20060528','20060529',26,'20060619',26),(333,11318,15119,'20060529','20060529',14,'20060612',16),(334,11350,15128,'20060530','20060530',14,'20060618',14),(335,11317,15119,'20060531','20060531',16,'20060612',16),(336,11314,15129,'20060601','20060602',16,'20060604',19),(337,11312,15127,'20060602','20060603',10,'20060603',11),(338,11312,15127,'20060603','20060603',11,'20060622',37),(339,11319,15129,'20060604','20060604',19,'20060620',35),(340,11351,15140,'20060605','20060605',15,'20060616',11),(342,11314,15142,'20060607','20060608',22,'20060706',28),(343,11311,15143,'20060608','20060608',23,'20060613',23),(344,11316,15144,'20060609','20060612',24,'20060618',24),(346,11311,15146,'20060611','20060612',26,'20060616',26),(347,11312,15147,'20060612','20060613',20,'20060713',20),(348,11317,15148,'20060613','20060614',26,'20060714',26),(349,11317,15149,'20060614','20060614',27,'20060715',27),(350,11314,15150,'20060615','20060618',30,'20060623',16),(351,11318,15140,'20060616','20060616',11,'20060617',12),(352,11318,15140,'20060617','20060617',12,'20060624',19),(353,11311,15123,'20060618','20060618',33,'20060626',40),(354,11311,15124,'20060619','20060620',34,'20060624',34),(355,11316,15129,'20060620','20060620',35,'20060624',36),(356,11314,15129,'20060621','20060624',36,'20060629',14),(357,11319,15127,'20060622','20060622',37,'20060627',11),(358,11313,15122,'20060623','20060624',38,'20060712',38),(359,11317,15140,'20060624','20060624',19,'20060715',19),(360,11314,15123,'20060625','20060626',40,'20060713',10),(361,11316,15165,'20060626','20060626',1,'20060706',11),(362,11313,15166,'20060627','20060628',2,'20060708',13),(364,11316,15168,'20060629','20060629',4,'20060810',35),(365,11316,15169,'20060630','20060630',5,'20060704',9),(367,11316,15161,'20060702','20060702',7,'20060713',18),(368,11313,15162,'20060703','20060704',8,'20060710',12),(369,11311,15169,'20060704','20060704',9,'20060710',15),(370,11317,15142,'20060705','20060706',28,'20060726',28),(371,11313,15165,'20060706','20060706',11,'20060712',12),(372,11319,15162,'20060707','20060710',12,'20060712',8),(373,11314,15166,'20060708','20060708',13,'20060712',16),(374,11318,15167,'20060709','20060710',14,'20060717',14),(375,11313,15169,'20060710','20060710',15,'20060714',19),(376,11319,15166,'20060711','20060712',16,'20060718',23),(377,11312,15165,'20060712','20060712',12,'20060717',17),(378,11310,15161,'20060713','20060713',18,'20060716',21),(379,11319,15169,'20060714','20060714',19,'20060722',26),(380,11310,15163,'20060715','20060716',20,'20060724',29),(381,11319,15161,'20060716','20060716',21,'20060721',9),(382,11312,15165,'20060717','20060717',17,'20060721',19),(383,11318,15166,'20060718','20060718',23,'20060728',12),(384,11312,15165,'20060719','20060722',19,'20060721',20),(385,11312,15165,'20060720','20060721',20,'20060723',23),(386,11318,15169,'20060721','20060722',26,'20060814',36),(387,11314,15160,'20060722','20060722',27,'20060810',11),(388,11312,15165,'20060723','20060723',23,'20060726',31),(389,11313,15163,'20060724','20060724',29,'20060813',29),(390,11318,15166,'20060725','20060728',12,'20060728',33),(391,11313,15165,'20060726','20060726',31,'20060815',31),(392,11315,15181,'20060727','20060727',11,'20060816',31),(393,11310,15166,'20060728','20060728',33,'20060816',33),(395,11310,15168,'20060730','20060730',35,'20060818',35),(396,11310,15169,'20060731','20060731',36,'20060819',36),(397,11312,15186,'20060801','20060801',11,'20060802',12),(398,11312,15186,'20060802','20060802',12,'20060823',12),(399,11315,15184,'20060803','20060803',15,'20060808',15),(400,11315,15209,'20060804','20060805',16,'20060813',9),(401,11410,15201,'20060805','20060805',1,'20060813',1),(402,11419,15202,'20060806','20060807',2,'20060821',14),(403,11415,15203,'20060807','20060807',3,'20060812',3),(404,11410,15204,'20060808','20060809',4,'20060819',15),(405,11418,15205,'20060809','20060809',5,'20060908',34),(407,11411,15207,'20060811','20060811',23,'20060819',14),(408,11416,15208,'20060812','20060813',8,'20060823',19),(409,11416,15209,'20060813','20060813',9,'20060822',9),(410,11412,15210,'20060814','20060814',29,'20060915',29),(411,11419,15200,'20060815','20060815',11,'20060821',17),(412,11412,15181,'20060816','20060816',31,'20060917',31),(414,11416,15207,'20060818','20060819',14,'20060909',36),(415,11419,15204,'20060819','20060819',15,'20060906',33),(416,11411,15202,'20060820','20060821',14,'20060825',14),(417,11413,15200,'20060821','20060821',17,'20060906',32),(418,11414,15199,'20060822','20060822',19,'20060910',18),(419,11419,15208,'20060823','20060823',19,'20060828',13),(420,11418,15220,'20060824','20060825',20,'20060904',11),(421,11416,15221,'20060825','20060825',21,'20060914',21),(422,11411,15222,'20060826','20060827',20,'20060911',20),(423,11418,15223,'20060827','20060827',23,'20060908',12),(424,11415,15224,'20060828','20060828',24,'20060926',14),(425,11412,15225,'20060829','20060829',26,'20060925',26),(426,11411,15226,'20060830','20060830',24,'20060915',24),(427,11411,15227,'20060831','20060831',25,'20060916',25),(428,11413,15228,'20060901','20060902',28,'20060910',28),(429,11411,15229,'20060902','20060902',24,'20060907',24),(430,11416,15230,'20060903','20060903',30,'20060912',30),(431,11414,15220,'20060904','20060904',11,'20060912',19),(432,11415,15200,'20060905','20060906',32,'20060912',38),(433,11418,15204,'20060906','20060906',33,'20060914',33),(434,11410,15205,'20060907','20060908',34,'20060910',37),(435,11411,15223,'20060908','20060908',12,'20060913',12),(436,11418,15207,'20060909','20060909',36,'20060917',36),(437,11415,15205,'20060910','20060910',37,'20060915',37),(438,11416,15200,'20060911','20060912',38,'20060920',38),(439,11414,15220,'20060912','20060912',19,'20060920',39),(440,11418,15241,'20060913','20060914',40,'20060914',1),(441,11418,15241,'20060914','20060914',1,'20060926',13),(442,11415,15242,'20060915','20060916',2,'20060928',14),(443,11416,15243,'20060916','20060916',3,'20060928',15),(444,11410,15244,'20060917','20060918',4,'20061006',22),(445,11412,15245,'20060918','20060918',25,'20061010',27),(446,11416,15246,'20060919','20060922',6,'20060928',6),(447,11419,15247,'20060920','20060920',7,'20061002',19),(448,11412,15248,'20060921','20060922',28,'20061012',10),(449,11415,15249,'20060922','20060922',9,'20061010',17),(450,11414,15250,'20060923','20060926',12,'20061011',10),(451,11417,15225,'20060924','20060925',26,'20061015',26),(452,11412,15224,'20060925','20060926',14,'20061016',14),(453,11419,15241,'20060926','20060926',13,'20061012',29),(454,11419,15242,'20060927','20060928',14,'20061010',24),(455,11415,15243,'20060928','20060928',15,'20061012',13),(456,11417,15243,'20060929','20060929',13,'20061003',17),(457,11416,15249,'20060930','20060930',17,'20061008',25),(458,11413,15240,'20061001','20061001',18,'20061010',18),(459,11419,15247,'20061002','20061002',19,'20061018',35),(460,11411,15243,'20061003','20061003',17,'20061004',18),(461,11411,15243,'20061004','20061004',18,'20061007',20),(462,11416,15244,'20061005','20061006',22,'20061010',26),(463,11411,15243,'20061006','20061007',20,'20061016',32),(464,11419,15242,'20061007','20061010',24,'20061016',30),(465,11412,15249,'20061008','20061008',25,'20061014',31),(466,11415,15244,'20061009','20061010',26,'20061014',26),(467,11415,15245,'20061010','20061010',27,'20061016',33),(468,11414,15248,'20061011','20061012',10,'20061019',28),(469,11416,15241,'20061012','20061012',29,'20061024',40),(470,11413,15242,'20061013','20061016',30,'20061018',16),(471,11415,15249,'20061014','20061014',31,'20061019',31),(472,11410,15243,'20061015','20061016',32,'20061023',32),(473,11413,15245,'20061016','20061016',33,'20061020',37),(474,11414,15242,'20061017','20061018',16,'20061025',34),(475,11413,15247,'20061018','20061018',35,'20061022',36),(476,11418,15247,'20061019','20061022',36,'20061027',36),(477,11415,15245,'20061020','20061020',37,'20061025',37),(478,11411,15261,'20061021','20061021',17,'20061022',18),(479,11411,15261,'20061022','20061022',18,'20061028',24),(480,11410,15241,'20061023','20061024',40,'20061111',40),(481,11410,15280,'20061024','20061024',1,'20061026',3),(482,11417,15263,'20061025','20061028',19,'20061027',21),(483,11410,15280,'20061026','20061026',3,'20061110',7),(484,11417,15263,'20061027','20061027',21,'20061108',16),(485,11411,15261,'20061028','20061028',24,'20061112',25),(486,11411,15261,'20061029','20061029',25,'20061103',30),(487,11418,15280,'20061030','20061030',7,'20061112',8),(488,11415,15280,'20061031','20061031',8,'20061103',10),(489,11411,15264,'20061101','20061101',25,'20061106',25),(490,11418,15280,'20061102','20061103',10,'20061105',13),(491,11412,15261,'20061103','20061103',30,'20061107',31),(492,11412,15261,'20061104','20061107',31,'20061125',31),(493,11415,15280,'20061105','20061105',13,'20061109',16),(494,11459,15282,'20061106','20061109',12,'20061111',18),(495,11412,15263,'20061107','20061108',16,'20061128',16),(496,11413,15280,'20061108','20061109',16,'20061129',36),(497,11417,15284,'20061109','20061109',13,'20061210',13),(498,11414,15260,'20061110','20061110',19,'20061118',18),(499,11414,15259,'20061111','20061112',20,'20061119',19),(500,11412,15300,'20061112','20061115',21,'20061210',18),(501,11559,15301,'20061113','20061113',21,'20061118',14),(502,11552,15302,'20061114','20061114',18,'20061215',18),(503,11559,15303,'20061115','20061115',23,'20061120',8),(504,11554,15304,'20061116','20061119',24,'20061124',13),(505,11557,15305,'20061117','20061118',26,'20061218',26),(506,11556,15306,'20061118','20061119',26,'20061127',26),(507,11554,15307,'20061119','20061119',27,'20061127',16),(508,11550,15308,'20061120','20061121',28,'20061128',28),(509,11550,15309,'20061121','20061121',29,'20061129',29),(510,11554,15310,'20061122','20061125',30,'20061210',11),(511,11557,15297,'20061123','20061124',14,'20061126',15),(512,11557,15297,'20061124','20061127',15,'20061126',16),(513,11557,15297,'20061125','20061126',16,'20061126',17),(514,11558,15297,'20061126','20061126',17,'20061127',18),(515,11558,15297,'20061127','20061127',18,'20061215',18),(516,11556,15280,'20061128','20061128',36,'20061129',37),(517,11550,15280,'20061129','20061129',37,'20061201',39),(518,11535,15300,'20061130','20061130',18,'20061215',18),(519,11550,15280,'20061201','20061201',39,'20061209',39),(520,11551,15327,'20061202','20061203',40,'20061209',7),(521,11551,15321,'20061203','20061203',1,'20070108',18),(522,11535,15322,'20061204','20061205',20,'20061213',11),(523,11558,15323,'20061205','20061205',24,'20061219',16),(524,11556,15324,'20061206','20061207',4,'20061215',13),(525,11553,15325,'20061207','20061207',5,'20061217',15),(526,11559,15326,'20061208','20061208',6,'20070112',40),(527,11554,15327,'20061209','20061209',7,'20070102',31),(528,11553,15328,'20061210','20061211',8,'20061220',18),(529,11554,15329,'20061211','20061211',9,'20061221',19),(530,11553,15330,'20061212','20061213',10,'20061221',10),(531,11553,15322,'20061213','20061213',11,'20061222',11),(532,11558,15317,'20061214','20061214',15,'20061216',17),(533,11553,15324,'20061215','20061215',13,'20061219',17),(534,11557,15317,'20061216','20061216',17,'20070117',17),(535,11518,15324,'20061217','20061217',15,'20061225',15),(536,11551,15323,'20061218','20061219',16,'20070106',34),(537,11551,15324,'20061219','20061219',17,'20070106',35),(538,11550,15328,'20061220','20061220',18,'20070110',39),(539,11550,15329,'20061221','20061221',19,'20061229',19),(540,11535,15340,'20061222','20061223',20,'20070108',16),(541,11551,15341,'20061223','20061223',21,'20061228',21),(542,11513,15342,'20061224','20061225',26,'20070113',26),(543,11514,15343,'20061225','20061225',23,'20070105',9),(544,11518,15344,'20061226','20061226',24,'20070114',24),(545,11519,15345,'20061227','20061227',25,'20070112',11),(546,11517,15346,'20061228','20061228',29,'20070119',11),(547,11519,15347,'20061229','20061229',9,'20070114',13),(548,11551,15348,'20061230','20061230',28,'20070115',28),(549,11550,15349,'20061231','20061231',29,'20070119',29),(550,11550,15350,'20070101','20070101',30,'20070109',30),(551,11515,15327,'20070102','20070102',31,'20070107',31),(552,11519,15343,'20070103','20070106',9,'20070105',10),(553,11519,15343,'20070104','20070105',10,'20070118',21),(554,11518,15323,'20070105','20070106',34,'20070113',34),(556,11512,15340,'20070107','20070108',16,'20070118',26),(557,11513,15321,'20070108','20070108',18,'20070117',18),(558,11511,15324,'20070109','20070110',38,'20070114',38),(559,11518,15328,'20070110','20070110',39,'20070118',39),(560,11511,15326,'20070111','20070112',40,'20070116',40),(561,11515,15367,'20070112','20070112',1,'20070203',22),(562,11516,15316,'20070113','20070113',23,'20070122',23),(563,11511,15369,'20070114','20070114',3,'20070124',13),(564,11519,15343,'20070115','20070118',21,'20070120',11),(565,11511,15361,'20070116','20070116',5,'20070123',10),(566,11517,15340,'20070117','20070118',26,'20070118',27),(567,11512,15340,'20070118','20070118',27,'20070120',29),(568,11516,15346,'20070119','20070119',11,'20070128',11),(569,11512,15340,'20070120','20070120',29,'20070210',18),(570,11515,15366,'20070121','20070122',10,'20070213',12),(571,11519,15361,'20070122','20070123',10,'20070126',12),(572,11514,15361,'20070123','20070126',12,'20070127',14),(573,11515,15369,'20070124','20070124',13,'20070212',20),(574,11514,15363,'20070125','20070126',14,'20070128',17),(575,11519,15361,'20070126','20070127',14,'20070202',20),(576,11512,15340,'20070127','20070127',18,'20070218',18),(577,11515,15363,'20070128','20070128',17,'20070219',38),(578,11515,15364,'20070129','20070129',18,'20070205',25),(579,11518,15368,'20070130','20070130',19,'20070209',10),(580,11514,15369,'20070131','20070131',20,'20070207',9),(581,11517,15361,'20070201','20070202',20,'20070204',22),(582,11511,15367,'20070202','20070203',22,'20070207',22),(583,11517,15361,'20070203','20070204',22,'20070204',23),(584,11510,15361,'20070204','20070204',23,'20070206',25),(585,11513,15364,'20070205','20070205',25,'20070214',25),(586,11512,15361,'20070206','20070206',25,'20070210',28),(587,11513,15369,'20070207','20070207',9,'20070211',31),(588,11516,15368,'20070208','20070209',10,'20070217',10),(589,11512,15361,'20070209','20070210',28,'20070212',31),(590,11513,15366,'20070210','20070213',12,'20070219',12),(591,11514,15369,'20070211','20070211',31,'20070215',34),(592,11517,15361,'20070212','20070212',31,'20070213',33),(593,11518,15361,'20070213','20070213',33,'20070221',33),(594,11515,15369,'20070214','20070215',34,'20070219',34),(595,11511,15360,'20070215','20070215',35,'20070220',35),(596,11512,15362,'20070216','20070216',17,'20070317',17),(597,11514,15365,'20070217','20070217',37,'20070225',37),(598,11511,15363,'20070218','20070219',38,'20070223',38),(599,11513,15357,'20070219','20070219',21,'20070228',21),(600,11514,15400,'20070220','20070221',40,'20070228',40),(606,11559,15401,'20181023','20181023',1,'20181025',1),(607,11010,15402,'20181023','20181023',2,'20181025',1);
/*!40000 ALTER TABLE `order` ENABLE KEYS */;
UNLOCK TABLES;

--
-- Table structure for table `store`
--

DROP TABLE IF EXISTS `store`;
/*!40101 SET @saved_cs_client     = @@character_set_client */;
 SET character_set_client = utf8mb4 ;
CREATE TABLE `store` (
  `storeID` int(8) NOT NULL AUTO_INCREMENT,
  `name` varchar(255) DEFAULT NULL,
  `address` varchar(255) DEFAULT NULL,
  `phone` varchar(20) DEFAULT NULL,
  `city` varchar(255) DEFAULT NULL,
  `state` varchar(100) DEFAULT NULL,
  PRIMARY KEY (`storeID`)
) ENGINE=InnoDB AUTO_INCREMENT=41 DEFAULT CHARSET=utf8mb4 COLLATE=utf8mb4_0900_ai_ci;
/*!40101 SET character_set_client = @saved_cs_client */;

--
-- Dumping data for table `store`
--

LOCK TABLES `store` WRITE;
/*!40000 ALTER TABLE `store` DISABLE KEYS */;
INSERT INTO `store` VALUES (1,'Alexandria_stroe','3761 N. 14th St','1 (11) 543 535-0162','Alexandria                    ','New South Wales'),(2,'Coffs Harbour_store','2243 W St.','1 (11) 543 535-0110','Coffs Harbour                 ','New South Wales'),(3,'Darlinghurst_store','5844 Linden Land','1 (11) 543 535-0184','Darlinghurst                  ','New South Wales'),(4,'Goulburn_store','1825 Village Pl.','1 (11) 543 535-0162','Goulburn                      ','New South Wales'),(5,'Lane Cove_store','7553 Harness Circle','1 (11) 543 535-0131','Lane Cove                     ','New South Wales'),(6,'Lavender Bay_store','7305 Humphrey Drive','1 (11) 543 535-0151','Lavender Bay                  ','New South Wales'),(7,'Malabar_store','2612 Berry Dr','1 (11) 543 535-0184','Malabar                       ','New South Wales'),(8,'Matraville_store','942 Brook Street','1 (11) 543 535-0126','Matraville                    ','New South Wales'),(9,'Milsons Point_store','624 Peabody Road','1 (11) 543 535-0164','Milsons Point                 ','New South Wales'),(10,'Newcastle_store','3839 Northgate Road','1 (11) 543 535-0110','Newcastle                     ','New South Wales'),(11,'North Ryde_store','7800 Corrinne Court','1 (11) 543 535-0169','North Ryde                    ','New South Wales'),(12,'North Sydney_store','1224 Shoenic','1 (11) 543 535-0117','North Sydney                  ','New South Wales'),(13,'Port Macquarie_store','4785 Scott Street','717-535-0164','Port Macquarie                ','New South Wales'),(14,'Rhodes_store','7902 Hudson Ave.','817-535-0185','Rhodes                        ','New South Wales'),(15,'Silverwater_store','9011 Tank Drive','431-535-0156','Silverwater                   ','New South Wales'),(16,'Springwood_store','244 Willow Pass Road','208-535-0142','Springwood                    ','New South Wales'),(17,'St. Leonards_store','9666 Northridge Ct.','135-535-0171','St. Leonards                  ','New South Wales'),(18,'Sydney_store','7330 Saddlehill Lane','1 (11) 543 535-0195','Sydney                        ','New South Wales'),(19,'Wollongong_store','244 Rivewview','1 (11) 543 535-0137','Wollongong                    ','New South Wales'),(20,'Brisbane_store','7832 Landing Dr','262-535-0112','Brisbane                      ','Queensland'),(21,'Caloundra_store','7156 Rose Dr.','550-535-0163','Caloundra                     ','Queensland'),(22,'East Brisbane_store','8148 W. Lake Dr.','622-535-0158','East Brisbane                 ','Queensland'),(23,'Gold Coast_store','1769 Nicholas Drive','589-535-0185','Gold Coast                    ','Queensland'),(24,'Hawthorne_store','4499 Valley Crest','452-535-0188','Hawthorne                     ','Queensland'),(25,'Hervey Bay_store','8734 Oxford Place','746-535-0186','Hervey Bay                    ','Queensland'),(26,'Rockhampton_store','2596 Franklin Canyon Road','1 (11) 543 535-0178','Rockhampton                   ','Queensland'),(27,'Townsville_store','8211 Leeds Ct.','1 (11) 543 535-0131','Townsville                    ','Queensland'),(28,'Cloverdale_store','213 Valencia Place','1 (11) 543 535-0184','Cloverdale                    ','South Australia'),(29,'Findon_store','9111 Rose Ann Ave','1 (11) 543 535-0116','Findon                        ','South Australia'),(30,'Perth_store','6385 Mark Twain','1 (11) 543 535-0146','Perth                         ','South Australia'),(31,'Hobart_store','636 Vine Hill Way','1 (11) 543 535-0182','Hobart                        ','Tasmania'),(32,'Bendigo_store','6465 Detroit Ave.','1 (11) 543 535-0195','Bendigo                       ','Victoria'),(33,'Cranbourne_store','626 Bentley Street','1 (11) 543 535-0169','Cranbourne                    ','Victoria'),(34,'Geelong_store','5927 Rainbow Dr','1 (11) 543 535-0137','Geelong                       ','Victoria'),(35,'Melbourne_store','5167 Condor Place','1 (11) 543 535-0136','Melbourne                     ','Victoria'),(36,'Melton_store','1873 Mt. Whitney Dr','1 (11) 543 535-0177','Melton                        ','Victoria'),(37,'Seaford_store','3981 Augustine Drive','115-535-0183','Seaford                       ','Victoria'),(38,'South Melbourne_store','8915 Woodside Way','229-535-0112','South Melbourne               ','Victoria'),(39,'Sunbury_store','8357 Sandy Cove Lane','1 (11) 543 535-0114','Sunbury                       ','Victoria'),(40,'Warrnambool_store','9353 Creekside Dr.','1 (11) 543 535-0183','Warrnambool                   ','Victoria');
/*!40000 ALTER TABLE `store` ENABLE KEYS */;
UNLOCK TABLES;

--
-- Table structure for table `user`
--

DROP TABLE IF EXISTS `user`;
/*!40101 SET @saved_cs_client     = @@character_set_client */;
 SET character_set_client = utf8mb4 ;
CREATE TABLE `user` (
  `userID` int(16) NOT NULL AUTO_INCREMENT,
  `name` varchar(255) DEFAULT NULL,
  `phone` varchar(25) DEFAULT NULL,
  `address` varchar(255) DEFAULT NULL,
  `birthday` varchar(20) DEFAULT NULL,
  `occupation` varchar(255) DEFAULT NULL,
  `gender` enum('M','F') DEFAULT NULL,
  `username` varchar(255) DEFAULT NULL,
  `password` varchar(255) DEFAULT NULL,
  `authenticationLevel` int(1) DEFAULT '0',
  PRIMARY KEY (`userID`)
) ENGINE=InnoDB AUTO_INCREMENT=11564 DEFAULT CHARSET=utf8mb4 COLLATE=utf8mb4_0900_ai_ci;
/*!40101 SET character_set_client = @saved_cs_client */;

--
-- Dumping data for table `user`
--

LOCK TABLES `user` WRITE;
/*!40000 ALTER TABLE `user` DISABLE KEYS */;
INSERT INTO `user` VALUES (11010,'Jacquelyn S','1 (11) 543 535-016*','800 Corrinne Court','16/02/1968','Labour','M','','',0),(11011,'Curtis L','1 (11) 543 535-011*','224 Shoenic','14/11/1967','Labour','M','','',0),(11012,'Lauren W','717-535-016*','785 Scott Street','07/01/1972','Labour','F','','',0),(11013,'Ian J','817-535-018*','902 Hudson Ave','16/08/1972','Labour','M','','',0),(11014,'Sydney B','431-535-015*','7011 Tank Drive','08/05/1972','Labour','M','','',0),(11015,'Chloe Y','208-535-014*','44 Willow Pass Road','27/02/1983','Labour','F','','',0),(11016,'Wyatt H','135-535-017*','666 Northridge Ct','07/04/1983','Labour','M','','',0),(11017,'Shannon W','1 (11) 543 535-019*','330 Saddlehill Lane','26/06/1948','Labour','M','','',0),(11018,'Clarence R','1 (11) 543 535-013*','44 Rivewview','19/10/1948','Labour','F','','',0),(11019,'Luke L','262-535-011*','832 Landing Dr','17/03/1982','Labour','M','','',0),(11050,'Alan Z','1 (11) 543 535-013*','741 Gainborough Dr','17/09/1955','Labour','F','','',0),(11051,'Daniel J','1 (11) 543 535-015*','85 Sunnyvale Avenue','14/08/1955','Labour','F','','',0),(11052,'Heidi L','1 (11) 543 535-016*','514 Via Cordona','17/08/1955','Labour','F','','',0),(11053,'Ana P','859-535-011*','660 Stonyhill Circle','20/08/1984','Labour','M','','',0),(11054,'Deanna M','1 (11) 543 535-019*','825 B Way','20/03/1956','Labour','M','','',0),(11055,'Gilbert R','1 (11) 543 535-012*','811 The Trees Dr','15/03/1956','Labour','F','','',0),(11056,'Michele N','1 (11) 543 535-017*','464 Janin Pl','13/04/1957','Labour','M','','',0),(11057,'Carl A','1 (11) 543 535-018*','930 Lake Nadine Place','22/10/1957','Labour','F','','',0),(11058,'Marc D','1 (11) 543 535-014*','645 Sinaloa','27/04/1958','Labour','F','','',0),(11059,'Ashlee A','1 (11) 543 535-011*','255 Highland Road','11/04/1958','Labour','F','','',0),(11111,'Meredith G','1 (11) 543 535-017*','610 Northridge Ct','23/02/1966','Labour','M','','',0),(11112,'Crystal W','1 (11) 543 535-013*','773 Kirkwood Dr','19/09/1966','Labour','F','','',0),(11113,'Micheal B','1 (11) 543 535-013*','96 Marfargoa Drive','21/02/1966','Labour','M','','',0),(11114,'Leslie M','1 (11) 543 535-011*','941 Cristobal','07/05/1966','Labour','M','','',0),(11115,'Alvin C','1 (11) 543 535-019*','759 Azalea Avenue','22/02/1966','Labour','M','','',0),(11116,'Clinton C','1 (11) 543 535-018*','943 Cunha Ct','17/10/1966','Labour','M','','',0),(11117,'April D','1 (11) 543 535-018*','85 Ash Lane','21/02/1965','Labour','F','','',0),(11119,'Evan J','1 (11) 543 535-018*','157 Sierra Ridge','20/04/1939','Retiree','F','','',0),(11150,'Russell S','1 (11) 543 535-019*','755 Easley Drive','25/03/1945','Retiree','F','','',0),(11151,'Melinda G','1 (11) 543 535-011*','05 Rainier Dr','25/02/1946','Labour','F','','',0),(11152,'James W','355-535-015*','827 Seagull Court','20/01/1980','Labour','F','','',0),(11153,'Angela J','847-535-011*','877 Weatherly Drive','23/06/1980','Labour','F','','',0),(11154,'Megan W','918-535-018*','898 Holiday Hills','21/08/1980','Labour','F','','',0),(11155,'Hunter R','891-535-012*','356 Mori Court','26/01/1980','Labour','F','','',0),(11156,'Maria R','158-535-019*','452 Mariposa Ct','17/02/1980','Labour','M','','',0),(11157,'Hannah L','974-535-017*','832 Preston Ct','21/06/1979','Labour','M','','',0),(11158,'Jason W','694-535-017*','771 Bundros Court','18/10/1979','Labour','F','','',0),(11159,'Brianna H','319-535-018*','793 Bonifacio St','27/09/1979','Labour','F','','',0),(11210,'Edward W','229-535-011*','039 Adelaide St','18/06/1952','Researcher','M','','',0),(11213,'Stephanie M','293-535-015*','514 Grant Street','24/05/1953','Researcher','M','','',0),(11214,'Charles M','389-535-011*','719 Little Dr','17/11/1953','Researcher','F','','',0),(11215,'Ana P','446-535-013*','114 Arlington Way','21/06/1954','Researcher','M','','',0),(11216,'Jasmine T','939-535-013*','328 San Francisco','20/05/1954','Researcher','F','','',0),(11217,'Natalie A','300-535-015*','592 Bent Tree Lane','21/02/1954','Researcher','F','','',0),(11218,'Olivia B','414-535-014*','964 Stony Hill Circle','21/09/1954','Researcher','M','','',0),(11219,'Charles C','755-535-011*','871 Bel Air Dr','12/12/1954','Researcher','F','','',0),(11250,'Shannon L','1 (11) 543 535-011*','185 Keywood Ct','22/03/1959','Manager','F','','',0),(11251,'Xavier L','243-535-011*','245 Dantley Way','14/07/1936','Retiree','M','','',0),(11252,'Nicholas T','377-535-014*','04 O St','17/06/1936','Retiree','M','','',0),(11253,'Jos H','712-535-013*','703 Donald Dr','07/02/1937','Retiree','M','','',0),(11254,'Johnathan V','494-535-016*','430 Versailles Pl','13/03/1937','Retiree','M','','',0),(11255,'Colin L','599-535-013*','083 San Jose','14/04/1937','Retiree','F','','',0),(11256,'Katelyn H','249-535-011*','496 Deerfield Dr','20/09/1937','Retiree','M','','',0),(11257,'Jacqueline P','796-535-011*','076 Northwood Dr','16/01/1937','Retiree','F','','',0),(11258,'Xavier H','559-535-014*','707 Virgil Street','07/06/1937','Retiree','F','','',0),(11259,'Victoria S','230-535-013*','623 Barquentine Court','27/03/1969','Manager','M','','',0),(11310,'Erin S','233-535-016*','541 Black Point Pl','19/07/1957','Manager','M','','',0),(11311,'Gabrielle L','783-535-017*','619 Parkside Dr','24/08/1957','Manager','F','','',0),(11312,'Sara R','296-535-017*','375 Kipling Court','13/04/1957','Manager','M','','',0),(11313,'Trevor J','120-535-012*','697 Yosemite Dr','27/02/1957','Manager','F','','',0),(11314,'Mya F','522-535-014*','439 Rio Grande Drive','21/12/1957','Manager','F','','',0),(11315,'Hailey W','767-535-015*','321 Maya','11/10/1957','Manager','F','','',0),(11316,'Luke A','786-535-013*','19 Deermeadow Way','27/11/1957','Manager','F','','',0),(11317,'Victoria R','663-535-019*','268 Keller Ridge','27/09/1956','Manager','M','','',0),(11318,'Jessica W','702-535-018*','652 Willcrest Circle','26/10/1956','Manager','M','','',0),(11319,'Jade B','819-535-016*','119 Northridge Ct','27/04/1941','Retiree','F','','',0),(11350,'Cara Z','1 (11) 543 535-011*','280 Greendell Pl','24/01/1941','Retiree','M','','',0),(11351,'Anne R','1 (11) 543 535-014*','113 Eastgate Ave','16/04/1943','Retiree','M','','',0),(11352,'Raymond R','1 (11) 543 535-013*','4, impasse Ste-Madeleine','17/03/1944','Retiree','F','','',0),(11353,'Carrie O','1 (11) 543 535-011*','883 Cowell Rd','21/06/1945','Retiree','M','','',0),(11354,'Deanna S','1 (11) 543 535-014*','','23/02/1946','Manager','M','','',0),(11355,'Roberto G','1 (11) 543 535-012*','545 Chickpea Ct','07/12/1946','Manager','M','','',0),(11356,'Terrence C','1 (11) 543 535-018*','613 Thornhill Place','27/05/1984','Manager','F','','',0),(11357,'Ramon Y','1 (11) 543 535-014*','245 Vista Oak Dr','23/03/1983','Manager','M','','',0),(11358,'Cynthia M','1 (11) 543 535-018*','757 Pamplona Ct','21/11/1982','Manager','F','','',0),(11359,'Jarrod P','1 (11) 543 535-015*','657 H St','14/09/1982','Manager','M','','',0),(11410,'Maurice G','1 (11) 543 535-017*','5, avenue de la Gare','25/08/1972','Manager','M','','',0),(11411,'Devin R','1 (11) 543 535-017*','','22/02/1958','Manager','M','','',0),(11412,'Sydney B','1 (11) 543 535-015*','','19/04/1958','Manager','M','','',0),(11413,'Megan S','1 (11) 543 535-011*','192 Seagull Court','25/04/1958','Manager','F','','',0),(11414,'Ian R','1 (11) 543 535-011*','26 W. Buchanan Rd','07/03/1958','Manager','M','','',0),(11415,'Randy S','1 (11) 543 535-014*','','15/06/1948','Manager','M','','',0),(11416,'Katrina B','1 (11) 543 535-015*','205, rue Malar','29/03/1949','Manager','F','','',0),(11417,'Lacey Z','1 (11) 543 535-017*','','26/02/1949','Manager','F','','',0),(11418,'Rafael H','1 (11) 543 535-015*','','19/02/1949','Manager','M','','',0),(11419,'Kyle S','1 (11) 543 535-017*','381 Alpine Rd','07/02/1949','Manager','M','','',0),(11459,'Tasha D','1 (11) 543 535-017*','627 Kendall Rd','23/10/1976','Nurse','M','','',0),(11510,'Seth R','199-535-014*','989 Concord Ave','23/07/1957','Nurse','M','','',0),(11511,'Caleb P','786-535-013*','324 Cherry Street','24/06/1957','Nurse','F','','',0),(11512,'Natalie C','178-535-014*','481 Broadmoor Drive','23/08/1958','Nurse','M','','',0),(11513,'Alyssa H','805-535-018*','780 Conifer Terrace','27/09/1958','Nurse','M','','',0),(11514,'Dalton D','994-535-015*','033 Danesta Dr','20/04/1958','Nurse','F','','',0),(11515,'Shannon H','458-535-011*','679 Duke Way','25/02/1958','Nurse','F','','',0),(11516,'Mya G','211-535-011*','826 Fine Drive','21/10/1958','Nurse','F','','',0),(11517,'Katherine B','802-535-013*','761 Dancing Court','20/06/1958','Nurse','F','','',0),(11518,'Edward W','446-535-017*','747 Carmel Dr','20/05/1959','Nurse','F','','',0),(11519,'Jerome N','934-535-019*','537 Ridgewood Drive','27/03/1959','Nurse','M','','',0),(11535,'Alexandria H','1 (11) 543 535-018*','1, rue de la Cavalerie','18/07/1930','Retiree','M','','',0),(11550,'Deb T','1 (11) 543 535-012*','553 Harness Circle','18/08/1972','Nurse','M','','',0),(11551,'Shannon A','1 (11) 543 535-015*','','25/05/1971','Nurse','F','','',0),(11552,'Eddie R','1 (11) 543 535-015*','','27/05/1971','Nurse','M','','',0),(11553,'Sharon L','1 (11) 543 535-011*','804 Coldwater Drive','19/09/1971','Nurse','F','','',0),(11554,'Sydney S','1 (11) 543 535-019*','','07/09/1930','Retiree','F','','',0),(11556,'Lucas E','1 (11) 543 535-015*','663 A St','24/05/1971','Nurse','M','','',0),(11557,'Felicia R','1 (11) 543 535-019*','557 Steven Circle','25/01/1971','Nurse','M','','',0),(11558,'Ivan M','1 (11) 543 535-019*','086 Nottingham Place','22/08/1971','Nurse','M','','',0),(11559,'Frederick S','1 (11) 543 535-011*','','26/12/1971','Nurse','M','','',0),(11560,'Luke Daniels','0400000000','Address of lord django','27/02/1997','Student','M','admin@admin.com','password',1);
/*!40000 ALTER TABLE `user` ENABLE KEYS */;
UNLOCK TABLES;

--
-- Table structure for table `vehicle`
--

DROP TABLE IF EXISTS `vehicle`;
/*!40101 SET @saved_cs_client     = @@character_set_client */;
 SET character_set_client = utf8mb4 ;
CREATE TABLE `vehicle` (
  `carID` int(16) NOT NULL AUTO_INCREMENT,
  `storeID` int(8) DEFAULT NULL,
  `carMake` varchar(255) DEFAULT NULL,
  `model` varchar(255) DEFAULT NULL,
  `series` varchar(255) DEFAULT NULL,
  `year` int(4) DEFAULT NULL,
  `price` int(20) DEFAULT NULL,
  `engineSize` varchar(20) DEFAULT NULL,
  `fuelSystem` varchar(255) DEFAULT NULL,
  `tankCapacity` varchar(60) DEFAULT NULL,
  `carPower` varchar(20) DEFAULT NULL,
  `seatingCapacity` int(6) DEFAULT NULL,
  `standardTransmission` varchar(20) DEFAULT NULL,
  `carBodyType` varchar(20) DEFAULT NULL,
  `carDriveType` varchar(20) DEFAULT NULL,
  `carWheelBase` varchar(10) DEFAULT NULL,
  PRIMARY KEY (`carID`),
  KEY `storeID` (`storeID`),
  CONSTRAINT `vehicle_ibfk_1` FOREIGN KEY (`storeID`) REFERENCES `store` (`storeid`)
) ENGINE=InnoDB AUTO_INCREMENT=15403 DEFAULT CHARSET=utf8mb4 COLLATE=utf8mb4_0900_ai_ci;
/*!40101 SET character_set_client = @saved_cs_client */;

--
-- Dumping data for table `vehicle`
--

LOCK TABLES `vehicle` WRITE;
/*!40000 ALTER TABLE `vehicle` DISABLE KEYS */;
INSERT INTO `vehicle` VALUES (14806,16,'LAND ROVER','DISCOVERY 3','HSE',2006,83650,'2.7L','DIESEL TURBO F/INJ','82L','140Kw',7,'6A','4D WAGON','4WD','2885mm'),(14810,5,'LAND ROVER','DISCOVERY','Tdi 4x4',1996,51800,'2.5L','DIESEL TURBO','88.5L','83Kw',5,'4A4x4','4D WAGON','4WD','2540mm'),(14811,13,'LAND ROVER','FREELANDER','XEi 4x4',2000,34886,'1.8L','MULTI POINT F/INJ','59L','84Kw',5,'5M4x4','3D HARDBACK','4WD','2535mm'),(14812,25,'LAND ROVER','DISCOVERY','ES V8 4x4',1999,66000,'4.0L','MULTI POINT F/INJ','95L','132Kw',7,'4A','4D WAGON','4WD','2540mm'),(14813,13,'LAND ROVER','DISCOVERY','Tdi 4x4',1994,50430,'2.5L','DIESEL TURBO','88.5L','83Kw',5,'4A4x4','4D WAGON','4WD','2540mm'),(14814,14,'LAND ROVER','DISCOVERY','SERIES II SE 4x4',2004,71450,'4.0L','MULTI POINT F/INJ','93L','136Kw',7,'4A','4D WAGON','4WD','2540mm'),(14815,15,'LAND ROVER','(4x4)','SWB',1978,9045,'2.3L','DIESEL','45L','46Kw',8,'4M4x4','2D HARDTOP','4WD','2230mm'),(14816,29,'LAND ROVER','DISCOVERY','SERIES II S 4x4',2003,55450,'4.0L','MULTI POINT F/INJ','93L','136Kw',7,'4A','4D WAGON','4WD','2540mm'),(14818,18,'LAND ROVER','DISCOVERY','S 4x4',1998,39990,'2.5L','DIESEL TURBO','88.5L','83Kw',5,'5M4x4','4D WAGON','4WD','2540mm'),(14819,14,'LAND ROVER','(4x4)','LWB',1972,5203,'2.3L','DIESEL','73L','46Kw',12,'4M4x4','2D HARDTOP','4WD','2768mm'),(14831,24,'BMW','X5','E53 3.0d',2004,84500,'3.0L','TURBO CDI','93L','150Kw',5,'6A','4D WAGON','4WD','2820mm'),(14832,21,'BMW','3','E46 18i EXECUTIVE',2002,56550,'2.0L','MULTI POINT F/INJ','63L','105Kw',5,'5AS','4D SEDAN','RWD','2725mm'),(14833,15,'BMW','3','23i',1996,62550,'2.5L','MULTI POINT F/INJ','62L','125Kw',5,'5M','4D SEDAN','RWD','2700mm'),(14834,21,'BMW','3','E46 30Ci',2001,109050,'3.0L','MULTI POINT F/INJ','63L','170Kw',5,'5AS','2D CONVERTIBLE','RWD','2725mm'),(14835,35,'BMW','7','35i EXECUTIVE',1987,136500,'3.4L','ELECTRONIC F/INJ','90L','155Kw',5,'4A','4D SEDAN','RWD','2833mm'),(14836,23,'BMW','5','E60 25i',2005,89000,'2.5L','MULTI POINT F/INJ','70L','141Kw',5,'6AS','4D SEDAN','RWD','2888mm'),(14837,37,'BMW','3','E91 23i TOURING',2006,71500,'2.5L','MULTI POINT F/INJ','60L','130Kw',5,'6AS','4D WAGON','RWD','2760mm'),(14838,25,'BMW','5','E34 25i EXECUTIVE',1996,98200,'2.5L','ELECTRONIC F/INJ','80L','141Kw',5,'5A','4D SEDAN','RWD','2761mm'),(14839,9,'BMW','3','E36 16i OPEN AIR',1995,46200,'1.6L','MULTI POINT F/INJ','52L','75Kw',5,'5M','3D HATCHBACK','RWD','2700mm'),(14842,1,'BMW','3','E90 20i EXECUTIVE',2005,57200,'2.0L','MULTI POINT F/INJ','65L','110Kw',5,'6AS','4D SEDAN','RWD','2760mm'),(14843,19,'BMW','3','E46 30i',2001,90700,'3.0L','MULTI POINT F/INJ','63L','170Kw',5,'5AS','4D SEDAN','RWD','2725mm'),(14846,10,'BMW','X5','E53 3.0i',2004,84000,'3.0L','MULTI POINT F/INJ','93L','170Kw',5,'5AS','4D WAGON','4WD','2820mm'),(14847,21,'BMW','3','18is',1998,56600,'1.9L','MULTI POINT F/INJ','65L','103Kw',5,'4A','4D SEDAN','RWD','2700mm'),(14850,5,'BMW','7','35i',1984,59500,'3.2L','ELECTRONIC F/INJ','100L','145Kw',5,'4A','4D SEDAN','RWD','2795mm'),(14851,22,'BMW','3','E46 20i SPORT',2005,65300,'2.2L','MULTI POINT F/INJ','63L','125Kw',5,'5AS','4D SEDAN','RWD','2725mm'),(14852,17,'BMW','3','E46 16ti',2002,43869,'1.8L','MULTI POINT F/INJ','63L','85Kw',5,'5AS','3D HATCHBACK','RWD','2725mm'),(14853,9,'BMW','1','E87 20i',2005,44100,'2.0L','MULTI POINT F/INJ','50L','110Kw',5,'6A','5D HATCHBACK','RWD','2660mm'),(14854,14,'BMW','3','20i',1989,54700,'2.0L','ELECTRONIC F/INJ','65L','95Kw',5,'5M','4D SEDAN','RWD','2570mm'),(14855,13,'BMW','3','E46 20Ci',2001,67050,'2.2L','MULTI POINT F/INJ','63L','125Kw',5,'5AS','2D COUPE','RWD','2725mm'),(14856,14,'BMW','3','25i',1988,74500,'2.5L','ELECTRONIC F/INJ','55L','125Kw',5,'4A','4D SEDAN','RWD','2570mm'),(14857,13,'BMW','3','E46 18i SPORT',2005,54500,'2.0L','MULTI POINT F/INJ','63L','105Kw',5,'5M','4D SEDAN','RWD','2725mm'),(14858,18,'BMW','3','E36 28i',1996,83330,'2.8L','MULTI POINT F/INJ','65L','142Kw',5,'5A','4D SEDAN','RWD','2700mm'),(14859,9,'BMW','5','28i',1997,96500,'2.8L','MULTI POINT F/INJ','70L','142Kw',5,'5AS','4D SEDAN','RWD','2830mm'),(14860,11,'BMW','3','18i',1997,51320,'1.8L','ELECTRONIC F/INJ','65L','85Kw',5,'4A','4D SEDAN','RWD','2700mm'),(14861,21,'BMW','3','18is',1997,55100,'1.9L','MULTI POINT F/INJ','65L','103Kw',5,'5M','4D SEDAN','RWD','2700mm'),(14862,22,'BMW','3','E46 18i EXECUTIVE',2001,53950,'2.0L','MULTI POINT F/INJ','63L','105Kw',5,'5M','4D SEDAN','RWD','2725mm'),(14863,23,'BMW','X5','E53 3.0i',2001,82350,'3.0L','MULTI POINT F/INJ','93L','170Kw',5,'5AS','4D WAGON','4WD','2820mm'),(14864,17,'BMW','1','E87 20d',2006,47800,'2.0L','DIESEL TURBO F/INJ','51L','115Kw',5,'6A','5D HATCHBACK','RWD','2660mm'),(14865,25,'BMW','3','E46 18i EXECUTIVE',2000,52070,'1.9L','MULTI POINT F/INJ','63L','87Kw',5,'5M','4D SEDAN','RWD','2725mm'),(14866,26,'BMW','X5','E53 3.0i',2006,84000,'3.0L','MULTI POINT F/INJ','93L','170Kw',5,'5AS','4D WAGON','4WD','2820mm'),(14867,27,'BMW','3','18i',1995,49650,'1.8L','ELECTRONIC F/INJ','65L','85Kw',5,'5M','4D SEDAN','RWD','2700mm'),(14870,30,'BMW','3','23Ci',1999,73900,'2.5L','MULTI POINT F/INJ','63L','125Kw',5,'5M','2D COUPE','RWD','2725mm'),(14871,31,'BMW','X5','E53 MY06 UPGRADE 3.0d',2006,86800,'3.0L','TURBO CDI','93L','150Kw',5,'6A','4D WAGON','4WD','2820mm'),(14872,26,'BMW','3','E46 18i',1999,54370,'1.9L','MULTI POINT F/INJ','63L','87Kw',5,'5M','4D SEDAN','RWD','2725mm'),(14873,23,'BMW','3','18is',1996,57110,'1.8L','ELECTRONIC F/INJ','65L','103Kw',5,'4A','2D COUPE','RWD','2700mm'),(14874,24,'BMW','3','E46 16ti',2004,41750,'1.8L','MULTI POINT F/INJ','63L','85Kw',5,'5M','3D HATCHBACK','RWD','2725mm'),(14875,28,'BMW','3','18i',1989,36950,'1.8L','ELECTRONIC F/INJ','55L','83Kw',5,'5M','2D SEDAN','RWD','2570mm'),(14876,26,'BMW','3','18i',1994,46500,'1.8L','ELECTRONIC F/INJ','65L','85Kw',5,'5M','4D SEDAN','RWD','2700mm'),(14877,37,'BMW','3','E90 20i',2006,53400,'2.0L','MULTI POINT F/INJ','65L','110Kw',5,'6AS','4D SEDAN','RWD','2760mm'),(14878,13,'BMW','5','E39 23i',1996,83600,'2.5L','MULTI POINT F/INJ','70L','125Kw',5,'5AS','4D SEDAN','RWD','2830mm'),(14879,14,'BMW','5','E39 30i SPORT',2002,101400,'3.0L','MULTI POINT F/INJ','70L','170Kw',5,'5AS','4D SEDAN','RWD','2830mm'),(14880,15,'BMW','5','20i',1991,69100,'2.0L','ELECTRONIC F/INJ','80L','110Kw',5,'5A','4D SEDAN','RWD','2761mm'),(14881,13,'BMW','3','18i',1991,44300,'1.8L','ELECTRONIC F/INJ','65L','85Kw',5,'4A','4D SEDAN','RWD','2700mm'),(14882,12,'BMW','3','E46 18i',2000,48315,'1.9L','MULTI POINT F/INJ','63L','87Kw',5,'5M','4D SEDAN','RWD','2725mm'),(14883,3,'BMW','3','18i',1986,38600,'1.8L','ELECTRONIC F/INJ','58L','77Kw',5,'5M','4D SEDAN','RWD','2570mm'),(14884,4,'BMW','3','E36 18is SPORT',1998,58950,'1.9L','MULTI POINT F/INJ','62L','103Kw',5,'5M','2D COUPE','RWD','2700mm'),(14885,20,'BMW','7','35iL EXECUTIVE',1988,145900,'3.4L','ELECTRONIC F/INJ','95L','155Kw',5,'4A','4D SEDAN','RWD','2945mm'),(14887,7,'BMW','5','25i',1991,80200,'2.5L','ELECTRONIC F/INJ','80L','141Kw',5,'5M','4D SEDAN','RWD','2761mm'),(14888,23,'BMW','3','E46 25Ci',2002,75000,'2.5L','MULTI POINT F/INJ','63L','141Kw',5,'5AS','2D COUPE','RWD','2725mm'),(14889,21,'BMW','3','E46 16ti',2005,40350,'1.8L','MULTI POINT F/INJ','63L','85Kw',5,'5M','3D HATCHBACK','RWD','2725mm'),(14890,20,'BMW','X5','E53 3.0d',2005,84300,'3.0L','TURBO CDI','93L','150Kw',5,'6A','4D WAGON','4WD','2820mm'),(14891,10,'DATSUN','FAIRLADY','SPORTS',1964,2530,'1.5L','CARB','43L','63Kw',0,'4M','2D ROADSTER','RWD','2280mm'),(14895,25,'DATSUN','180B','SSS',1977,6012,'1.8L','CARB','55L','82Kw',5,'5M','2D HARDTOP','RWD','2500mm'),(14896,26,'MAZDA','121','METRO SHADES',2001,19050,'1.5L','ELECTRONIC F/INJ','43L','64Kw',5,'5M','5D HATCHBACK','FWD','2390mm'),(14897,14,'MAZDA','121','SHADES',1997,14200,'1.3L','SINGLE POINT F/INJ','40L','54Kw',5,'5M','4D SEDAN','FWD','2390mm'),(14899,14,'MAZDA','121','METRO SHADES',2002,19240,'1.5L','ELECTRONIC F/INJ','43L','64Kw',5,'5M','5D HATCHBACK','FWD','2390mm'),(14900,20,'MAZDA','121','DELUXE',1987,12250,'1.3L','CARB','38L','46Kw',5,'5M','3D HATCHBACK','FWD','2295mm'),(14901,21,'MAZDA','121','METRO SHADES',1999,19590,'1.5L','ELECTRONIC F/INJ','40L','64Kw',5,'4A','5D HATCHBACK','FWD','2390mm'),(14902,22,'VOLKSWAGEN','TRANSPORTER','T5 MY08 CREWVAN SWB',2008,42990,'2.5L','DIESEL TURBO F/INJ','80L','96Kw',5,'6ATip','VAN','FWD','3000mm'),(14903,39,'VOLKSWAGEN','JETTA','1KM 2.0 TDI',2006,35490,'2.0L','DIESEL TURBO F/INJ','55L','103Kw',5,'6M','4D SEDAN','FWD','2578mm'),(14904,24,'VOLKSWAGEN','TRANSPORTER','T5 SWB',2005,43400,'2.5L','DIESEL TURBO F/INJ','80L','96Kw',2,'6ATip','VAN','FWD','3000mm'),(14905,25,'VOLKSWAGEN','POLO','9N MY07 UPGRADE CLUB',2007,16990,'1.4L','MULTI POINT F/INJ','45L','59Kw',5,'5M','3D HATCHBACK','FWD','2465mm'),(14906,31,'VOLKSWAGEN','JETTA','1KM 2.0 TURBO FSI',2006,39990,'2.0L','TURBO MPFI','55L','147Kw',5,'6ADSG','4D SEDAN','FWD','2578mm'),(14907,27,'VOLKSWAGEN','MULTIVAN','T5 HIGHLINE',2006,72990,'2.5L','DIESEL TURBO F/INJ','80L','128Kw',7,'6ATip','4D VAN','FWD','3000mm'),(14908,20,'VOLKSWAGEN','JETTA','1KM 2.0 TURBO FSI',2007,39990,'2.0L','TURBO MPFI','55L','147Kw',5,'6ADSG','4D SEDAN','FWD','2578mm'),(14909,15,'VOLKSWAGEN','GOLF','1K GTi',2007,39990,'2.0L','TURBO MPFI','55L','147Kw',5,'6M','5D HATCHBACK','FWD','2578mm'),(14910,25,'VOLKSWAGEN','GOLF','GL',2001,25990,'1.6L','MULTI POINT F/INJ','55L','74Kw',5,'5M','5D HATCHBACK','FWD','2511mm'),(14911,21,'VOLKSWAGEN','GOLF','1K 1.9 TDI COMFORTLINE',2005,32290,'1.9L','DIESEL TURBO F/INJ','55L','77Kw',5,'6ADSG','5D HATCHBACK','FWD','2578mm'),(14912,10,'VOLKSWAGEN','JETTA','1KM 2.0 FSI',2007,35290,'2.0L','MULTI POINT F/INJ','55L','110Kw',5,'6ATip','4D SEDAN','FWD','2578mm'),(14914,26,'VOLKSWAGEN','GOLF','1K GT',2007,37290,'1.4L','S/C & T/C MPFI','55L','125Kw',5,'6ADSG','5D HATCHBACK','FWD','2578mm'),(14915,35,'VOLKSWAGEN','GOLF','GL',1995,30490,'2.0L','MULTI POINT F/INJ','55L','85Kw',5,'5M','5D HATCHBACK','FWD','2475mm'),(14920,36,'VOLKSWAGEN','JETTA','1KM 2.0 TDI',2007,37990,'2.0L','DIESEL TURBO F/INJ','55L','103Kw',5,'6ADSG','4D SEDAN','FWD','2578mm'),(14921,1,'VOLKSWAGEN','GOLF','1K 2.0 FSI COMFORTLINE',2005,32290,'2.0L','ELECTRONIC F/INJ','55L','110Kw',5,'6ATip','5D HATCHBACK','FWD','2578mm'),(14922,2,'VOLKSWAGEN','GOLF','1K 2.0 TDI COMFORTLINE',2007,32490,'2.0L','DIESEL TURBO F/INJ','55L','103Kw',5,'6M','5D HATCHBACK','FWD','2578mm'),(14923,15,'VOLKSWAGEN','PASSAT','3B 1.8T',2002,49800,'1.8L','TURBO MPFI','62L','110Kw',5,'5ATip','4D WAGON','FWD','2703mm'),(14924,28,'VOLKSWAGEN','GOLF','1K 2.0 FSI SPORTLINE',2006,32990,'2.0L','ELECTRONIC F/INJ','55L','110Kw',5,'6M','5D HATCHBACK','FWD','2578mm'),(14925,5,'VOLKSWAGEN','GOLF','GLE',1999,34990,'2.0L','MULTI POINT F/INJ','55L','85Kw',5,'5M','5D HATCHBACK','FWD','2511mm'),(14926,20,'VOLKSWAGEN','GOLF','GL',1998,31980,'1.6L','MULTI POINT F/INJ','55L','74Kw',5,'4A','5D HATCHBACK','FWD','2511mm'),(14927,24,'VOLKSWAGEN','MULTIVAN','T5 COMFORTLINE 4MOTION',2006,60990,'2.5L','DIESEL TURBO F/INJ','80L','128Kw',7,'6M','4D VAN','4WD','3000mm'),(14928,8,'VOLKSWAGEN','POLO','9N S',2002,21800,'1.4L','MULTI POINT F/INJ','45L','55Kw',5,'5M','5D HATCHBACK','FWD','2460mm'),(14929,25,'VOLKSWAGEN','TOUAREG','7L R5 TDi LUXURY',2006,78600,'2.5L','DIESEL TURBO F/INJ','100L','128Kw',5,'6ATip','4D WAGON','4WD','2855mm'),(14930,10,'VOLKSWAGEN','CADDY','2K LIFE',2006,34990,'1.9L','DIESEL TURBO F/INJ','60L','77Kw',5,'6ADSG','4D WAGON','FWD','2682mm'),(14940,20,'VOLKSWAGEN','GOLF','1K 2.0 TDI COMFORTLINE',2004,32490,'2.0L','DIESEL TURBO F/INJ','55L','103Kw',5,'6M','5D HATCHBACK','FWD','2578mm'),(14941,12,'VOLKSWAGEN','BORA','1J 2.0',2001,36350,'2.0L','MULTI POINT F/INJ','55L','85Kw',5,'5M','4D SEDAN','FWD','2500mm'),(14942,18,'VOLKSWAGEN','POLO','9N MY06 UPGRADE CLUB',2006,16990,'1.4L','MULTI POINT F/INJ','45L','55Kw',5,'5M','3D HATCHBACK','FWD','2465mm'),(14943,25,'VOLKSWAGEN','CADDY','2K 1.9 TDi',2006,24990,'1.9L','DIESEL TURBO F/INJ','60L','77Kw',2,'5M','VAN','FWD','2682mm'),(14944,29,'VOLKSWAGEN','POLO','9N',2003,19800,'1.4L','MULTI POINT F/INJ','45L','55Kw',5,'5M','3D HATCHBACK','FWD','2460mm'),(14945,25,'VOLKSWAGEN','GOLF','1.6 GENERATION',2004,25990,'1.6L','MULTI POINT F/INJ','55L','75Kw',5,'5M','5D HATCHBACK','FWD','2511mm'),(14946,26,'VOLKSWAGEN','POLO','9N MY07 UPGRADE GTi',2007,26990,'1.8L','TURBO MPFI','45L','110Kw',5,'5M','3D HATCHBACK','FWD','2466mm'),(14947,12,'VOLKSWAGEN','GOLF','GL',1999,31190,'1.6L','MULTI POINT F/INJ','55L','74Kw',5,'4A','5D HATCHBACK','FWD','2511mm'),(14948,11,'VOLKSWAGEN','GOLF','1K 2.0 TDI COMFORTLINE',2006,34790,'2.0L','DIESEL TURBO F/INJ','55L','103Kw',5,'6ADSG','5D HATCHBACK','FWD','2578mm'),(14949,26,'VOLKSWAGEN','GOLF','GL',2000,25990,'1.6L','MULTI POINT F/INJ','55L','74Kw',5,'5M','5D HATCHBACK','FWD','2511mm'),(14950,30,'VOLKSWAGEN','GOLF','1K 1.6 TRENDLINE',2005,25490,'1.6L','MULTI POINT F/INJ','55L','75Kw',5,'5M','5D HATCHBACK','FWD','2578mm'),(14960,15,'VOLKSWAGEN','PASSAT','3C 2.0T FSI',2006,44990,'2.0L','TURBO MPFI','70L','147Kw',5,'6ATip','4D SEDAN','FWD','2709mm'),(14961,22,'VOLKSWAGEN','TOUAREG','7L R5 TDi LUXURY',2005,78600,'2.5L','DIESEL TURBO F/INJ','100L','128Kw',5,'6ATip','4D WAGON','4WD','2855mm'),(14962,38,'VOLKSWAGEN','PASSAT','3C 3.2 V6 FSI',2006,54990,'3.2L','MULTI POINT F/INJ','70L','184Kw',5,'6ADSG','4D SEDAN','AWD','2709mm'),(14965,15,'VOLKSWAGEN','CARAVELLE','V6',2003,59990,'2.8L','MULTI POINT F/INJ','80L','150Kw',8,'4A','4D WAGON','FWD','2920mm'),(14966,21,'VOLKSWAGEN','GOLF','2.0 GENERATION',2004,29490,'2.0L','MULTI POINT F/INJ','55L','85Kw',5,'4A','5D HATCHBACK','FWD','2511mm'),(14967,28,'VOLKSWAGEN','POLO','OPEN AIR',1999,21490,'1.6L','MULTI POINT F/INJ','45L','55Kw',5,'5M','5D HATCHBACK','FWD','2400mm'),(14969,28,'VOLKSWAGEN','1600','SUPER BUG L',1975,3798,'1.6L','CARB','42L','37Kw',4,'4M','2D SEDAN','RWD','2420mm'),(14984,15,'ALFA ROMEO','GTV','2',1999,61990,'2.0L','MULTI POINT F/INJ','70L','114Kw',4,'5M','2D COUPE','FWD','2540mm'),(14985,12,'ALFA ROMEO','156','V6 24V',2002,57500,'2.5L','MULTI POINT F/INJ','63L','140Kw',5,'6M','4D SEDAN','FWD','2595mm'),(15000,17,'ALFA ROMEO','147','GTA MONZA',2005,59990,'3.2L','MULTI POINT F/INJ','63L','184Kw',5,'6M','3D HATCHBACK','FWD','2546mm'),(15001,31,'ALFA ROMEO','156','2.0 SELESPEED TWIN SPARK',1999,49950,'2.0L','MULTI POINT F/INJ','63L','114Kw',5,'5MSel','4D SEDAN','FWD','2595mm'),(15002,11,'ALFA ROMEO','147','2.0 TWIN SPARK',2003,39500,'2.0L','MULTI POINT F/INJ','60L','110Kw',5,'5M','5D HATCHBACK','FWD','2546mm'),(15003,39,'MERCEDES-BENZ','SLK','R171 200K',2004,86900,'1.8L','SUPERCHARGED MPFI','70L','120Kw',2,'5ATS','2D CONVERTIBLE','RWD','2430mm'),(15004,14,'MERCEDES-BENZ','ML','W163 270 CDI 4x4',2002,69474,'2.7L','TURBO CDI','83L','120Kw',5,'5ATS','4D WAGON','4WD','2820mm'),(15005,10,'MERCEDES-BENZ','ML','W163 320 LUXURY 4x4',2002,77274,'3.2L','MULTI POINT F/INJ','83L','160Kw',5,'5ATS','4D WAGON','4WD','2820mm'),(15006,31,'MERCEDES-BENZ','C180','W203 KOMPRESSOR AVANTGARDE',2002,61400,'1.8L','SUPERCHARGED MPFI','70L','105Kw',5,'5ATS','4D SEDAN','RWD','2715mm'),(15007,7,'MERCEDES-BENZ','ML','320 LUXURY 4x4',2000,72900,'3.2L','MULTI POINT F/INJ','70L','160Kw',5,'5ATS','4D WAGON','4WD','2820mm'),(15008,38,'MERCEDES-BENZ','SLK230','KOMPRESSOR',2000,95380,'2.3L','SUPERCHARGED MPFI','53L','142Kw',2,'5A','2D CONVERTIBLE','RWD','2400mm'),(15009,35,'MERCEDES-BENZ','ML','W163 500 LUXURY 4x4',2004,99900,'5.0L','MULTI POINT F/INJ','83L','215Kw',5,'5ATS','4D WAGON','4WD','2820mm'),(15010,10,'MERCEDES-BENZ','300','TE',1991,124500,'3.0L','ELECTRONIC F/INJ','70L','135Kw',7,'4A','4D WAGON','RWD','2800mm'),(15011,25,'MERCEDES-BENZ','C200','W202 ELEGANCE',2000,64580,'2.0L','MULTI POINT F/INJ','62L','100Kw',5,'5A','4D SEDAN','RWD','2690mm'),(15020,20,'MERCEDES-BENZ','280','W126 SE',1982,55979,'2.7L','ELECTRONIC F/INJ','90L','125Kw',5,'4A','4D SEDAN','RWD','2935mm'),(15022,22,'MERCEDES-BENZ','ML','320 LUXURY 4x4',1999,73400,'3.2L','MULTI POINT F/INJ','70L','160Kw',5,'5ATS','4D WAGON','4WD','2820mm'),(15023,23,'MERCEDES-BENZ','ML','W163 270 CDI LUXURY 4x4',2003,77274,'2.7L','TURBO CDI','83L','120Kw',5,'5ATS','4D WAGON','4WD','2820mm'),(15024,29,'MERCEDES-BENZ','E280','W210 ELEGANCE',1999,112400,'2.8L','MULTI POINT F/INJ','80L','150Kw',5,'5ASeq','4D SEDAN','RWD','2833mm'),(15025,19,'MERCEDES-BENZ','VITO','115CDI COMPACT CREW CAB',2005,48380,'2.1L','DIESEL TURBO F/INJ','75L','110Kw',5,'5A','5D VAN','RWD','3200mm'),(15026,15,'MERCEDES-BENZ','180','E LIMITED EDITION',1993,47115,'1.8L','ELECTRONIC F/INJ','55L','82Kw',5,'4A','4D SEDAN','RWD','2665mm'),(15027,27,'MERCEDES-BENZ','A160','AVANTGARDE',1999,41400,'1.6L','MULTI POINT F/INJ','54L','75Kw',5,'5MSeq','5D HATCHBACK','FWD','2423mm'),(15028,28,'MERCEDES-BENZ','ML','270 CDI 4x4',2001,64900,'2.7L','TURBO CDI','70L','120Kw',5,'5ATS','4D WAGON','4WD','2820mm'),(15029,11,'MERCEDES-BENZ','A170','W169 ELEGANCE',2006,42400,'1.7L','MULTI POINT F/INJ','54L','85Kw',5,'CVT7','5D HATCHBACK','FWD','2568mm'),(15030,19,'MERCEDES-BENZ','300','W124 E',1986,79296,'3.0L','ELECTRONIC F/INJ','70L','135Kw',5,'4A','4D SEDAN','RWD','2800mm'),(15040,35,'MERCEDES-BENZ','230','W124 E',1988,87100,'2.3L','ELECTRONIC F/INJ','70L','97Kw',5,'4A','4D SEDAN','RWD','2800mm'),(15041,26,'MERCEDES-BENZ','180','E LIMITED EDITION',1992,45690,'1.8L','ELECTRONIC F/INJ','55L','82Kw',5,'4A','4D SEDAN','RWD','2665mm'),(15042,31,'MERCEDES-BENZ','E55','211 MY06 UPGRADE AMG',2006,225600,'5.4L','SUPERCHARGED MPFI','80L','350Kw',5,'5ATSh','4D SEDAN','RWD','2854mm'),(15043,17,'MERCEDES-BENZ','380','SEL',1982,68795,'3.8L','ELECTRONIC F/INJ','90L','145Kw',5,'4A','4D SEDAN','RWD','3075mm'),(15044,39,'MERCEDES-BENZ','A190','W168 LWB ELEGANCE',2004,42900,'1.9L','MULTI POINT F/INJ','54L','92Kw',5,'5MSeq','5D HATCHBACK','FWD','2593mm'),(15045,24,'MERCEDES-BENZ','180','E LIMITED EDITION',1994,47115,'1.8L','ELECTRONIC F/INJ','55L','82Kw',5,'4A','4D SEDAN','RWD','2665mm'),(15046,34,'MERCEDES-BENZ','A190','W168 AVANTGARDE',2001,41230,'1.9L','MULTI POINT F/INJ','54L','92Kw',5,'5MSeq','5D HATCHBACK','FWD','2423mm'),(15047,32,'MERCEDES-BENZ','CLK230','KOMP ELEGANCE',2000,111580,'2.3L','SUPERCHARGED MPFI','62L','142Kw',4,'5A','2D CABRIOLET','RWD','2690mm'),(15048,8,'MERCEDES-BENZ','A190','W168 AVANTGARDE',2000,41230,'1.9L','MULTI POINT F/INJ','54L','92Kw',5,'5MSeq','5D HATCHBACK','FWD','2423mm'),(15049,27,'MERCEDES-BENZ','ML','W163 500 LUXURY 4x4',2001,98500,'5.0L','MULTI POINT F/INJ','83L','215Kw',5,'5ATS','4D WAGON','4WD','2820mm'),(15050,11,'MERCEDES-BENZ','E500','211 AVANTGARDE',2002,153900,'5.0L','MULTI POINT F/INJ','89L','225Kw',5,'5ATSh','4D SEDAN','RWD','2854mm'),(15063,31,'RENAULT','CLIO','SPORT',2002,33990,'2.0L','MULTI POINT F/INJ','50L','124Kw',5,'5M','3D HATCHBACK','FWD','2472mm'),(15066,22,'RENAULT','CLIO','CAMPUS',2006,18990,'1.4L','MULTI POINT F/INJ','50L','72Kw',5,'5M','5D HATCHBACK','FWD','2472mm'),(15068,17,'RENAULT','SCENIC','PRIVILEGE',2003,37990,'2.0L','MULTI POINT F/INJ','60L','101Kw',5,'4A','5D WAGON','FWD','2580mm'),(15080,14,'RENAULT','19','RT',1995,26790,'1.7L','MULTI POINT F/INJ','55L','68Kw',5,'5M','5D HATCHBACK','FWD','2540mm'),(15081,17,'RENAULT','MEGANE','PRIVILEGE',2004,35990,'2.0L','MULTI POINT F/INJ','60L','98Kw',5,'4A','4D SEDAN','FWD','2686mm'),(15082,37,'RENAULT','MEGANE','EXPRESSION',2002,41490,'1.6L','MULTI POINT F/INJ','60L','79Kw',4,'5M','2D CABRIOLET','FWD','2461mm'),(15083,39,'VOLVO','S60','05 UPGRADE 2.4 20V SE',2006,56950,'2.4L','MULTI POINT F/INJ','70L','125Kw',5,'5A','4D SEDAN','FWD','2715mm'),(15084,11,'VOLVO','V50','MY08 D5',2008,47950,'2.4L','DIESEL TURBO F/INJ','60L','132Kw',5,'5AG','4D WAGON','FWD','2640mm'),(15085,12,'VOLVO','7','40 TURBO',1989,65900,'2.3L','TURBO EFI','82L','119Kw',5,'4A','4D SEDAN','RWD','2770mm'),(15087,2,'VOLVO','8','50 GLE',1992,45690,'2.4L','ELECTRONIC F/INJ','73L','103Kw',5,'4A','4D SEDAN','FWD','2665mm'),(15088,12,'VOLVO','XC70','05 UPGRADE II LIFESTYLE EDITION LE',2005,64450,'2.5L','TURBO MPFI','70L','154Kw',5,'5AG','4D WAGON','AWD','2761mm'),(15089,35,'VOLVO','V50','MY07 2.4 LE',2007,47950,'2.4L','MULTI POINT F/INJ','62L','125Kw',5,'5AG','4D WAGON','FWD','2640mm'),(15100,20,'VOLVO','S40','MY2003 2.0 SE',2003,47950,'1.9L','MULTI POINT F/INJ','60L','100Kw',5,'5A','4D SEDAN','FWD','2562mm'),(15101,33,'VOLVO','S40','MY2001 2.0 SE',2001,47950,'1.9L','MULTI POINT F/INJ','60L','100Kw',5,'5A','4D SEDAN','FWD','2562mm'),(15102,10,'VOLVO','8','50 GLE',1994,47950,'2.4L','ELECTRONIC F/INJ','73L','103Kw',5,'4A','4D SEDAN','FWD','2665mm'),(15103,19,'VOLVO','S80','T6 SE',2001,98950,'2.8L','TWIN TURBO MPFI','80L','200Kw',5,'4AG','4D SEDAN','RWD','2791mm'),(15104,12,'VOLVO','8','50 SE',1997,59950,'2.4L','MULTI POINT F/INJ','73L','125Kw',5,'4A','5D WAGON','FWD','2665mm'),(15105,25,'VOLVO','V40','2',1997,45950,'1.9L','MULTI POINT F/INJ','60L','103Kw',5,'4A','5D WAGON','FWD','2550mm'),(15106,26,'VOLVO','S40','2',1997,44950,'1.9L','MULTI POINT F/INJ','60L','103Kw',5,'4A','4D SEDAN','FWD','2550mm'),(15107,27,'VOLVO','XC90','MY06 LIFESTYLE EDITION LE',2006,69950,'2.5L','TURBO MPFI','72L','154Kw',7,'5AG','4D WAGON','AWD','2857mm'),(15108,25,'VOLVO','S40','T4',1998,53450,'1.9L','TURBO MPFI','60L','147Kw',5,'5M','4D SEDAN','FWD','2550mm'),(15109,29,'VOLVO','4','40 GLT',1994,40950,'2.0L','ELECTRONIC F/INJ','60L','80Kw',5,'4A','4D HATCHBACK','FWD','2503mm'),(15110,24,'VOLVO','2','44 GL',1979,11220,'2.1L','FUEL INJECTED','60L','91Kw',5,'3A','4D SEDAN','RWD','2640mm'),(15119,16,'VOLVO','4','40 GLT',1996,45500,'2.0L','ELECTRONIC F/INJ','60L','80Kw',5,'4A','4D HATCHBACK','FWD','2503mm'),(15121,1,'VOLVO','S40','MY06 T5 AWD',2006,54950,'2.5L','TURBO MPFI','57L','162Kw',5,'5AG','4D SEDAN','AWD','2640mm'),(15122,38,'NISSAN','200','S15 SX SPEC S GT',2002,42990,'2.0L','TURBO MPFI','65L','147Kw',4,'6M','2D COUPE','RWD','2525mm'),(15123,10,'NISSAN','200','SX SPORTS LIMITED',1994,38500,'2.0L','TURBO MPFI','65L','147Kw',4,'5M','2D COUPE','RWD','2525mm'),(15124,34,'NISSAN','200','SX SPORTS',1996,44510,'2.0L','TURBO MPFI','65L','147Kw',4,'5M','2D COUPE','RWD','2525mm'),(15125,5,'NISSAN','200','S15 SX SPEC S',2002,40990,'2.0L','TURBO MPFI','65L','147Kw',4,'6M','2D COUPE','RWD','2525mm'),(15126,25,'NISSAN','200','S15 SX SPEC R GT',2002,46490,'2.0L','TURBO MPFI','65L','147Kw',4,'6M','2D COUPE','RWD','2525mm'),(15127,11,'NISSAN','200','SX SPORTS LIMITED',1998,39990,'2.0L','TURBO MPFI','65L','147Kw',4,'5M','2D COUPE','RWD','2525mm'),(15128,14,'NISSAN','200','S15 SX SPEC S',2001,40990,'2.0L','TURBO MPFI','65L','147Kw',4,'6M','2D COUPE','RWD','2525mm'),(15129,14,'NISSAN','200','SX LUXURY',1998,49995,'2.0L','TURBO MPFI','65L','147Kw',4,'5M','2D COUPE','RWD','2525mm'),(15130,29,'PEUGEOT','205','GTi',1990,33750,'1.9L','ELECTRONIC F/INJ','50L','75Kw',5,'5M','3D HATCHBACK','FWD','2420mm'),(15140,19,'PEUGEOT','406','D8 ST',1997,39995,'2.0L','MULTI POINT F/INJ','70L','100Kw',5,'5M','4D SEDAN','FWD','2700mm'),(15142,28,'PEUGEOT','405','Mi16',1993,41995,'2.0L','ELECTRONIC F/INJ','70L','112Kw',5,'5M','4D SEDAN','FWD','2669mm'),(15143,23,'PEUGEOT','306','XT',2000,29490,'2.0L','MULTI POINT F/INJ','60L','100Kw',5,'5M','5D HATCHBACK','FWD','2580mm'),(15144,24,'PEUGEOT','206','XT',2001,22990,'1.6L','MULTI POINT F/INJ','50L','67Kw',5,'5M','5D HATCHBACK','FWD','2442mm'),(15146,26,'PEUGEOT','206','GTi',2004,29990,'2.0L','MULTI POINT F/INJ','50L','102Kw',5,'5M','3D HATCHBACK','FWD','2442mm'),(15147,20,'PEUGEOT','406','D9',2004,69550,'2.9L','MULTI POINT F/INJ','70L','157Kw',4,'5M','2D COUPE','FWD','2700mm'),(15148,26,'PEUGEOT','206','CC',2005,32990,'1.6L','MULTI POINT F/INJ','50L','80Kw',4,'5M','2D CABRIOLET','FWD','2442mm'),(15149,27,'PEUGEOT','307','XSE',2003,31790,'2.0L','MULTI POINT F/INJ','60L','100Kw',5,'5M','5D HATCHBACK','FWD','2608mm'),(15150,16,'PEUGEOT','206','XR',2002,19990,'1.4L','MULTI POINT F/INJ','50L','55Kw',5,'5M','5D HATCHBACK','FWD','2442mm'),(15160,11,'PEUGEOT','405','D60 SRI',1992,34995,'1.9L','ELECTRONIC F/INJ','70L','80Kw',5,'5M','4D SEDAN','FWD','2669mm'),(15161,9,'PEUGEOT','307','MY06 UPGRADE XSE HDi 2.0',2006,32290,'2.0L','DIESEL TURBO F/INJ','60L','100Kw',5,'6M','5D HATCHBACK','FWD','2608mm'),(15162,8,'PEUGEOT','206','XT',2000,22450,'1.6L','MULTI POINT F/INJ','50L','67Kw',5,'5M','5D HATCHBACK','FWD','2442mm'),(15163,29,'PEUGEOT','307','MY06 UPGRADE SPORT 2.0',2005,37990,'2.0L','MULTI POINT F/INJ','60L','130Kw',5,'5M','5D HATCHBACK','FWD','2608mm'),(15165,31,'PEUGEOT','206','CC',2006,34990,'1.6L','MULTI POINT F/INJ','50L','80Kw',4,'4ATip','2D CABRIOLET','FWD','2442mm'),(15166,33,'PEUGEOT','307','XSE',2004,33990,'2.0L','MULTI POINT F/INJ','60L','100Kw',5,'4ATip','5D HATCHBACK','FWD','2608mm'),(15167,14,'PEUGEOT','206','C',2006,22990,'1.6L','MULTI POINT F/INJ','50L','82Kw',5,'5M','5D HATCHBACK','FWD','2442mm'),(15168,35,'PEUGEOT','206','XR',2004,19990,'1.4L','MULTI POINT F/INJ','50L','55Kw',5,'5M','5D HATCHBACK','FWD','2442mm'),(15169,36,'PEUGEOT','307','MY06 UPGRADE XSE HDi 2.0 TOURING',2006,33990,'2.0L','DIESEL TURBO F/INJ','60L','100Kw',5,'6M','4D WAGON','FWD','2708mm'),(15181,31,'PEUGEOT','206','XR',2003,21990,'1.6L','MULTI POINT F/INJ','50L','82Kw',5,'5M','3D HATCHBACK','FWD','2442mm'),(15184,15,'EUNOS','800','M',1996,85165,'2.3L','MILLER CYCLE','68L','149Kw',5,'4A','4D SEDAN','FWD','2750mm'),(15186,12,'EUNOS','30','X SPORT',1996,37155,'1.8L','ELECTRONIC F/INJ','50L','99Kw',4,'5M','2D COUPE','FWD','2455mm'),(15199,18,'CHRYSLER','VALIANT','CM GLX',1979,8014,'4.3L','CARB','79L','120Kw',5,'3A','4D SEDAN','RWD','2820mm'),(15200,38,'CHRYSLER','300C','LE MY06 CRD',2006,57990,'3.0L','DIESEL TURBO F/INJ','71L','160Kw',5,'5A','4D SEDAN','RWD','3050mm'),(15201,1,'CHRYSLER','VOYAGER','RG SE',2002,52590,'3.3L','MULTI POINT F/INJ','75L','128Kw',7,'4A','4D WAGON','FWD','2787mm'),(15202,14,'CHRYSLER','CROSSFIRE','ZH ROADSTER',2005,75990,'3.2L','MULTI POINT F/INJ','60L','160Kw',2,'5ASeq','2D CONVERTIBLE','RWD','2400mm'),(15203,3,'CHRYSLER','VOYAGER','GS SE',1999,48200,'3.3L','MULTI POINT F/INJ','76L','116Kw',7,'4A','4D WAGON','FWD','2878mm'),(15204,33,'CHRYSLER','PT CRUISER','MY06 CLASSIC',2005,31990,'2.4L','MULTI POINT F/INJ','57L','105Kw',5,'4A','5D HATCHBACK','FWD','2616mm'),(15205,37,'CHRYSLER','PT CRUISER','CLASSIC',2001,35200,'2.0L','MULTI POINT F/INJ','57L','104Kw',5,'5M','5D HATCHBACK','FWD','2616mm'),(15207,36,'CHRYSLER','300C','LE MY06 SRT8',2006,71990,'6.1L','MULTI POINT F/INJ','71L','317Kw',5,'5A','4D SEDAN','RWD','3050mm'),(15208,13,'CHRYSLER','GRAND VOYAGER','RG SE',2004,59090,'3.3L','MULTI POINT F/INJ','75L','128Kw',7,'4A','4D WAGON','FWD','3030mm'),(15209,9,'CHRYSLER','NEON','SE',1997,24880,'2.0L','ELECTRONIC F/INJ','47L','98Kw',5,'3A','4D SEDAN','FWD','2642mm'),(15210,29,'CHRYSLER','PT CRUISER','CLASSIC',2004,32490,'2.0L','MULTI POINT F/INJ','57L','104Kw',5,'4A','5D HATCHBACK','FWD','2616mm'),(15220,39,'CHRYSLER','VOYAGER','RG 05 UPGRADE LX',2004,62980,'3.3L','MULTI POINT F/INJ','75L','128Kw',7,'4A','4D WAGON','FWD','3030mm'),(15221,21,'CHRYSLER','PT CRUISER','LIMITED',2004,38490,'2.0L','MULTI POINT F/INJ','57L','104Kw',5,'4A','5D HATCHBACK','FWD','2616mm'),(15222,20,'CHRYSLER','VOYAGER','GS SE',2001,46900,'3.3L','MULTI POINT F/INJ','76L','116Kw',7,'4A','4D WAGON','FWD','2878mm'),(15223,12,'MAZDA','323','PROTEGE',1999,20990,'1.6L','MULTI POINT F/INJ','55L','78Kw',5,'5M','4D SEDAN','FWD','2610mm'),(15224,14,'MAZDA','323','ASTINA',1997,35700,'2.0L','MULTI POINT F/INJ','55L','104Kw',5,'5M','5D HATCHBACK','FWD','2605mm'),(15225,26,'MAZDA','323','ASTINA SHADES',2001,20490,'1.6L','MULTI POINT F/INJ','55L','78Kw',5,'5M','5D HATCHBACK','FWD','2605mm'),(15226,24,'MAZDA','323','DELUXE',1983,8835,'1.5L','CARB','45L','54Kw',4,'5M','4D WAGON','RWD','2315mm'),(15227,25,'MAZDA','323','PROTEGE SHADES',2000,19715,'1.6L','MULTI POINT F/INJ','55L','78Kw',5,'5M','4D SEDAN','FWD','2610mm'),(15228,28,'MAZDA','323','PROTEGE',1997,22915,'1.8L','MULTI POINT F/INJ','55L','92Kw',5,'5M','4D SEDAN','FWD','2605mm'),(15229,24,'MAZDA','323','ASTINA',1995,31050,'1.8L','MULTI POINT F/INJ','55L','92Kw',5,'4A','5D HATCHBACK','FWD','2605mm'),(15230,30,'MAZDA','323','PROTEGE',1998,22915,'1.8L','MULTI POINT F/INJ','55L','92Kw',5,'5M','4D SEDAN','FWD','2605mm'),(15240,18,'MAZDA','323','PROTEGE',2000,19715,'1.6L','MULTI POINT F/INJ','55L','78Kw',5,'5M','4D SEDAN','FWD','2610mm'),(15241,40,'MAZDA','323','ASTINA',1993,25715,'1.8L','MULTI POINT F/INJ','55L','76Kw',5,'5M','5D HATCHBACK','FWD','2500mm'),(15242,34,'MAZDA','323','ASTINA SHADES',2000,19715,'1.6L','MULTI POINT F/INJ','55L','78Kw',5,'5M','5D HATCHBACK','FWD','2605mm'),(15243,32,'MAZDA','323','ASTINA',1996,38270,'2.0L','MULTI POINT F/INJ','55L','104Kw',5,'5M','5D HATCHBACK','FWD','2605mm'),(15244,26,'MAZDA','323','ASTINA',1998,28480,'1.8L','MULTI POINT F/INJ','55L','92Kw',5,'4A','5D HATCHBACK','FWD','2605mm'),(15245,37,'MAZDA','323','SUPER DELUXE',1989,20210,'1.6L','MULTI POINT F/INJ','48L','61Kw',5,'4A','5D HATCHBACK','FWD','2400mm'),(15246,6,'MAZDA','323','PROTEGE',2003,21840,'1.8L','MULTI POINT F/INJ','55L','92Kw',5,'4A','4D SEDAN','FWD','2610mm'),(15247,36,'MAZDA','323','ASTINA',2003,21840,'1.8L','MULTI POINT F/INJ','55L','92Kw',5,'4A','5D HATCHBACK','FWD','2610mm'),(15248,28,'MAZDA','323','SUPER DELUXE',1988,19390,'1.6L','CARB','48L','53Kw',5,'3A','5D HATCHBACK','FWD','2400mm'),(15249,31,'MAZDA','323','ASTINA SHADES',1998,26990,'1.8L','MULTI POINT F/INJ','55L','92Kw',5,'5M','5D HATCHBACK','FWD','2605mm'),(15250,10,'MAZDA','323','ASTINA SP',1994,30085,'1.8L','MULTI POINT F/INJ','55L','92Kw',5,'5M','5D HATCHBACK','FWD','2500mm'),(15259,19,'MAZDA','323','LIMITED',1985,15826,'1.6L','MULTI POINT F/INJ','45L','61Kw',5,'5M','5D HATCHBACK','FWD','2400mm'),(15260,18,'MAZDA','323','ASTINA SP20',2002,29180,'2.0L','MULTI POINT F/INJ','55L','98Kw',5,'5M','5D HATCHBACK','FWD','2610mm'),(15261,31,'MAZDA','323','PROTEGE SHADES',2002,20695,'1.6L','MULTI POINT F/INJ','55L','78Kw',5,'5M','4D SEDAN','FWD','2605mm'),(15263,16,'MAZDA','323','BJ PROTEGE SHADES',2003,19990,'1.8L','MULTI POINT F/INJ','55L','92Kw',5,'5M','4D SEDAN','FWD','2610mm'),(15264,25,'MAZDA','323','PROTEGE SP20',2002,26990,'2.0L','MULTI POINT F/INJ','55L','98Kw',5,'5M','4D SEDAN','FWD','2610mm'),(15280,39,'MITSUBISHI','380','DB',2005,35990,'3.8L','MULTI POINT F/INJ','67L','175Kw',5,'5ASPM','4D SEDAN','FWD','2750mm'),(15282,18,'TOYOTA','4 RUNNER','DELUXE 4x4',1989,28200,'2.4L','CARB','65L','75Kw',5,'5M4x4','4D WAGON','4WD','2625mm'),(15284,13,'TOYOTA','4 RUNNER','RV6 4x4',1992,36954,'3.0L','ELECTRONIC F/INJ','65L','105Kw',5,'4A4x4','4D WAGON','4WD','2625mm'),(15297,18,'MAZDA','626','CLASSIC',2000,31070,'2.0L','MULTI POINT F/INJ','64L','93Kw',5,'5M','5D HATCHBACK','FWD','2610mm'),(15300,18,'MAZDA','626','ECLIPSE',2002,31980,'2.0L','MULTI POINT F/INJ','64L','93Kw',5,'4A','4D SEDAN','FWD','2610mm'),(15301,14,'MAZDA','626','LUXURY',1999,37290,'2.0L','MULTI POINT F/INJ','64L','93Kw',5,'4A','5D HATCHBACK','FWD','2610mm'),(15302,18,'MAZDA','626','DELUXE',1994,31335,'2.0L','MULTI POINT F/INJ','60L','85Kw',5,'4A','4D SEDAN','FWD','2610mm'),(15303,8,'MAZDA','626','CLASSIC',1998,30180,'2.0L','MULTI POINT F/INJ','64L','93Kw',5,'5M','4D SEDAN','FWD','2610mm'),(15304,13,'MAZDA','626','CLASSIC',1999,32430,'2.0L','MULTI POINT F/INJ','64L','93Kw',5,'4A','4D SEDAN','FWD','2610mm'),(15305,26,'MAZDA','626','CLASSIC',2001,32900,'2.0L','MULTI POINT F/INJ','64L','93Kw',5,'4A','5D HATCHBACK','FWD','2610mm'),(15306,26,'MAZDA','626','LIMITED EDITION',2000,30160,'2.0L','MULTI POINT F/INJ','64L','93Kw',5,'5M','4D SEDAN','FWD','2610mm'),(15307,16,'AUDI','A4','B6 2.0',2002,50650,'2.0L','MULTI POINT F/INJ','70L','96Kw',5,'CVTM','4D SEDAN','FWD','2650mm'),(15308,28,'AUDI','A3','8P SPORTBACK 2.0 TDI AMBITION DSG',2005,47750,'2.0L','DIESEL TURBO F/INJ','55L','103Kw',5,'6ADSG','5D HATCHBACK','FWD','2578mm'),(15309,29,'AUDI','90','SPORT',1990,42245,'2.3L','ELECTRONIC F/INJ','68L','100Kw',5,'5M','4D SEDAN','FWD','2546mm'),(15310,11,'AUDI','A4','B7 2.0',2007,50450,'2.0L','MULTI POINT F/INJ','70L','96Kw',5,'CVTM','4D SEDAN','FWD','2648mm'),(15316,23,'AUDI','TT','MY99',1999,73000,'1.8L','TURBO MPFI','55L','132Kw',4,'5M','2D COUPE','FWD','2419mm'),(15317,17,'AUDI','A4','1.8 SE 20V',1996,51320,'1.8L','MULTI POINT F/INJ','60L','92Kw',5,'4A','4D SEDAN','FWD','2617mm'),(15321,18,'AUDI','A4','B6 2.0 AVANT',2003,54250,'2.0L','MULTI POINT F/INJ','70L','96Kw',5,'CVTM6','4D WAGON','FWD','2650mm'),(15322,11,'AUDI','ALLROAD QUATTRO','C5',2001,99250,'2.7L','TWIN TURBO MPFI','70L','184Kw',5,'5ATip','4D WAGON','AWD','2760mm'),(15323,34,'AUDI','A3','1.6',2003,35400,'1.6L','MULTI POINT F/INJ','55L','75Kw',5,'5M','5D HATCHBACK','FWD','2512mm'),(15324,38,'AUDI','S3','1.8',2000,65850,'1.8L','TURBO MPFI','62L','154Kw',5,'6M','3D HATCHBACK','AWD','2519mm'),(15325,15,'AUDI','A3','8P SPORTBACK 2.0 TDI AMBITION DSG',2006,47750,'2.0L','DIESEL TURBO F/INJ','55L','103Kw',5,'6ADSG','5D HATCHBACK','FWD','2578mm'),(15326,40,'AUDI','A3','1.8',1999,42450,'1.8L','MULTI POINT F/INJ','55L','92Kw',5,'4A','3D HATCHBACK','FWD','2512mm'),(15327,31,'AUDI','A3','1.8 TURBO',2004,44950,'1.8L','TURBO MPFI','55L','110Kw',5,'5M','5D HATCHBACK','FWD','2512mm'),(15328,39,'AUDI','TT','QUATTRO',2004,92500,'1.8L','TURBO MPFI','62L','165Kw',2,'6M','2D ROADSTER','AWD','2429mm'),(15329,19,'AUDI','A3','1.8',2002,38700,'1.8L','MULTI POINT F/INJ','55L','92Kw',5,'5M','5D HATCHBACK','FWD','2512mm'),(15330,10,'AUDI','A6','4B 2.4 V6',2003,80900,'2.4L','MULTI POINT F/INJ','70L','125Kw',5,'CVTM6','4D SEDAN','FWD','2749mm'),(15340,18,'SAAB','9-Mar','MY07 LINEAR SPORT 1.9TiD SPORTCOMBI',2007,53400,'1.9L','TURBO MPFI','58L','110Kw',5,'5A','4D WAGON','FWD','2675mm'),(15341,21,'SAAB','9-May','SE',2000,67986,'2.3L','TURBO MPFI','75L','125Kw',5,'4A','4D SEDAN','FWD','2703mm'),(15342,26,'SAAB','9-Mar','MY04 ARC 2.0T',2004,56400,'2.0L','TURBO MPFI','62L','129Kw',5,'5A','4D SEDAN','FWD','2675mm'),(15343,11,'SAAB','9-Mar','MY02 AERO',2002,64575,'2.0L','TURBO MPFI','68L','151Kw',5,'4A','5D HATCHBACK','FWD','2605mm'),(15344,24,'SAAB','9-May','MY04 AERO',2004,84900,'2.3L','TURBO MPFI','75L','184Kw',5,'5AST','4D SEDAN','FWD','2703mm'),(15345,11,'SAAB','900','SE 2.5 V6',1996,63900,'2.5L','MULTI POINT F/INJ','68L','125Kw',5,'4A','5D HATCHBACK','FWD','2600mm'),(15346,11,'SAAB','9-Mar','MY03 TURBO 2.0t LTD ED',2003,73000,'2.0L','TURBO MPFI','68L','110Kw',5,'4A','2D CONVERTIBLE','FWD','2605mm'),(15347,13,'SAAB','9000','CS ANNIVERSARY',1998,54900,'2.3L','TURBO EFI','66L','125Kw',5,'4A','4D HATCHBACK','FWD','2672mm'),(15348,28,'SAAB','900','S 2.5 V6',1994,45900,'2.5L','MULTI POINT F/INJ','68L','125Kw',5,'5M','5D HATCHBACK','FWD','2600mm'),(15349,29,'SAAB','9-May','MY01 S',2001,64000,'2.3L','TURBO MPFI','75L','136Kw',5,'4A','4D SEDAN','FWD','2703mm'),(15350,30,'SAAB','9-Mar','MY05 AERO',2005,93000,'2.0L','TURBO MPFI','62L','155Kw',4,'5ASEN','2D CONVERTIBLE','FWD','2675mm'),(15357,21,'SAAB','9000','CSE',1994,79200,'2.3L','TURBO EFI','66L','147Kw',5,'4A','4D HATCHBACK','FWD','2672mm'),(15360,35,'SAAB','9-Mar','AERO',2000,80887,'2.0L','TURBO MPFI','64L','158Kw',5,'5M','2D CONVERTIBLE','FWD','2605mm'),(15361,33,'SAAB','9-Mar','S',2001,63885,'2.0L','TURBO MPFI','68L','113Kw',4,'5M','2D CONVERTIBLE','FWD','2605mm'),(15362,17,'SAAB','9-Mar','MY04 AERO 2.0t',2004,67900,'2.0L','TURBO MPFI','62L','155Kw',5,'6M','4D SEDAN','FWD','2675mm'),(15363,38,'SAAB','9000','CS',1997,52000,'2.3L','TURBO EFI','66L','125Kw',5,'4A','4D HATCHBACK','FWD','2672mm'),(15364,25,'SAAB','9000','CS',1996,50400,'2.3L','TURBO EFI','66L','125Kw',5,'4A','4D HATCHBACK','FWD','2672mm'),(15365,37,'SAAB','9-Mar','S',2000,65985,'2.0L','TURBO MPFI','68L','113Kw',4,'4A','2D CONVERTIBLE','FWD','2605mm'),(15366,12,'SAAB','9-Mar','SE',1999,62000,'2.0L','TURBO MPFI','68L','136Kw',5,'4A','5D SEDAN','FWD','2605mm'),(15367,22,'SAAB','9000','CD 16',1993,46990,'2.3L','ELECTRONIC F/INJ','66L','108Kw',5,'4A','4D SEDAN','FWD','2672mm'),(15368,10,'MAZDA','929','DELUXE',1987,23010,'2.0L','MULTI POINT F/INJ','60L','70Kw',5,'5M','4D SEDAN','RWD','2615mm'),(15369,34,'MAZDA','929','LUXURY',1986,29600,'2.0L','MULTI POINT F/INJ','60L','70Kw',5,'4A','2D HARDTOP','RWD','2615mm'),(15400,40,'HONDA','ACCORD','40 VTi',2005,29990,'2.4L','MULTI POINT F/INJ','65L','118Kw',5,'5A','4D SEDAN','FWD','2740mm'),(15401,1,'SAAB','9-MAR','MY07 LINEAR SPORT 1.9TiD SPORTCOMBI',2007,53400,'1.9L','TURBO MPFI','58L','110Kw',5,'5A','4D WAGON','FWD','2675mm'),(15402,2,'SAAB','9-Mar','MY07 LINEAR SPORT 1.9TiD SPORTCOMBI',2007,53400,'1.9L','TURBO MPFI','58L','110Kw',5,'5A','4D WAGON','FWD','2675mm');
/*!40000 ALTER TABLE `vehicle` ENABLE KEYS */;
UNLOCK TABLES;
/*!40103 SET TIME_ZONE=@OLD_TIME_ZONE */;

/*!40101 SET SQL_MODE=@OLD_SQL_MODE */;
/*!40014 SET FOREIGN_KEY_CHECKS=@OLD_FOREIGN_KEY_CHECKS */;
/*!40014 SET UNIQUE_CHECKS=@OLD_UNIQUE_CHECKS */;
/*!40101 SET CHARACTER_SET_CLIENT=@OLD_CHARACTER_SET_CLIENT */;
/*!40101 SET CHARACTER_SET_RESULTS=@OLD_CHARACTER_SET_RESULTS */;
/*!40101 SET COLLATION_CONNECTION=@OLD_COLLATION_CONNECTION */;
/*!40111 SET SQL_NOTES=@OLD_SQL_NOTES */;

-- Dump completed on 2018-10-22 13:53:19
