-- MySQL dump 10.13  Distrib 8.0.12, for Win64 (x86_64)
--
-- Host: 127.0.0.1    Database: djangodatabase
-- ------------------------------------------------------
-- Server version	8.0.12

/*!40101 SET @OLD_CHARACTER_SET_CLIENT=@@CHARACTER_SET_CLIENT */;
/*!40101 SET @OLD_CHARACTER_SET_RESULTS=@@CHARACTER_SET_RESULTS */;
/*!40101 SET @OLD_COLLATION_CONNECTION=@@COLLATION_CONNECTION */;
 SET NAMES utf8 ;
/*!40103 SET @OLD_TIME_ZONE=@@TIME_ZONE */;
/*!40103 SET TIME_ZONE='+00:00' */;
/*!40014 SET @OLD_UNIQUE_CHECKS=@@UNIQUE_CHECKS, UNIQUE_CHECKS=0 */;
/*!40014 SET @OLD_FOREIGN_KEY_CHECKS=@@FOREIGN_KEY_CHECKS, FOREIGN_KEY_CHECKS=0 */;
/*!40101 SET @OLD_SQL_MODE=@@SQL_MODE, SQL_MODE='NO_AUTO_VALUE_ON_ZERO' */;
/*!40111 SET @OLD_SQL_NOTES=@@SQL_NOTES, SQL_NOTES=0 */;

--
-- Table structure for table `auth_group`
--

DROP TABLE IF EXISTS `auth_group`;
/*!40101 SET @saved_cs_client     = @@character_set_client */;
 SET character_set_client = utf8mb4 ;
CREATE TABLE `auth_group` (
  `id` int(11) NOT NULL AUTO_INCREMENT,
  `name` varchar(80) NOT NULL,
  PRIMARY KEY (`id`),
  UNIQUE KEY `name` (`name`)
) ENGINE=InnoDB DEFAULT CHARSET=utf8mb4 COLLATE=utf8mb4_0900_ai_ci;
/*!40101 SET character_set_client = @saved_cs_client */;

--
-- Dumping data for table `auth_group`
--

LOCK TABLES `auth_group` WRITE;
/*!40000 ALTER TABLE `auth_group` DISABLE KEYS */;
/*!40000 ALTER TABLE `auth_group` ENABLE KEYS */;
UNLOCK TABLES;

--
-- Table structure for table `auth_group_permissions`
--

DROP TABLE IF EXISTS `auth_group_permissions`;
/*!40101 SET @saved_cs_client     = @@character_set_client */;
 SET character_set_client = utf8mb4 ;
CREATE TABLE `auth_group_permissions` (
  `id` int(11) NOT NULL AUTO_INCREMENT,
  `group_id` int(11) NOT NULL,
  `permission_id` int(11) NOT NULL,
  PRIMARY KEY (`id`),
  UNIQUE KEY `auth_group_permissions_group_id_permission_id_0cd325b0_uniq` (`group_id`,`permission_id`),
  KEY `auth_group_permissio_permission_id_84c5c92e_fk_auth_perm` (`permission_id`),
  CONSTRAINT `auth_group_permissio_permission_id_84c5c92e_fk_auth_perm` FOREIGN KEY (`permission_id`) REFERENCES `auth_permission` (`id`),
  CONSTRAINT `auth_group_permissions_group_id_b120cbf9_fk_auth_group_id` FOREIGN KEY (`group_id`) REFERENCES `auth_group` (`id`)
) ENGINE=InnoDB DEFAULT CHARSET=utf8mb4 COLLATE=utf8mb4_0900_ai_ci;
/*!40101 SET character_set_client = @saved_cs_client */;

--
-- Dumping data for table `auth_group_permissions`
--

LOCK TABLES `auth_group_permissions` WRITE;
/*!40000 ALTER TABLE `auth_group_permissions` DISABLE KEYS */;
/*!40000 ALTER TABLE `auth_group_permissions` ENABLE KEYS */;
UNLOCK TABLES;

--
-- Table structure for table `auth_permission`
--

DROP TABLE IF EXISTS `auth_permission`;
/*!40101 SET @saved_cs_client     = @@character_set_client */;
 SET character_set_client = utf8mb4 ;
CREATE TABLE `auth_permission` (
  `id` int(11) NOT NULL AUTO_INCREMENT,
  `name` varchar(255) NOT NULL,
  `content_type_id` int(11) NOT NULL,
  `codename` varchar(100) NOT NULL,
  PRIMARY KEY (`id`),
  UNIQUE KEY `auth_permission_content_type_id_codename_01ab375a_uniq` (`content_type_id`,`codename`),
  CONSTRAINT `auth_permission_content_type_id_2f476e4b_fk_django_co` FOREIGN KEY (`content_type_id`) REFERENCES `django_content_type` (`id`)
) ENGINE=InnoDB AUTO_INCREMENT=41 DEFAULT CHARSET=utf8mb4 COLLATE=utf8mb4_0900_ai_ci;
/*!40101 SET character_set_client = @saved_cs_client */;

--
-- Dumping data for table `auth_permission`
--

LOCK TABLES `auth_permission` WRITE;
/*!40000 ALTER TABLE `auth_permission` DISABLE KEYS */;
INSERT INTO `auth_permission` VALUES (1,'Can add log entry',1,'add_logentry'),(2,'Can change log entry',1,'change_logentry'),(3,'Can delete log entry',1,'delete_logentry'),(4,'Can view log entry',1,'view_logentry'),(5,'Can add permission',2,'add_permission'),(6,'Can change permission',2,'change_permission'),(7,'Can delete permission',2,'delete_permission'),(8,'Can view permission',2,'view_permission'),(9,'Can add group',3,'add_group'),(10,'Can change group',3,'change_group'),(11,'Can delete group',3,'delete_group'),(12,'Can view group',3,'view_group'),(13,'Can add user',4,'add_user'),(14,'Can change user',4,'change_user'),(15,'Can delete user',4,'delete_user'),(16,'Can view user',4,'view_user'),(17,'Can add content type',5,'add_contenttype'),(18,'Can change content type',5,'change_contenttype'),(19,'Can delete content type',5,'delete_contenttype'),(20,'Can view content type',5,'view_contenttype'),(21,'Can add session',6,'add_session'),(22,'Can change session',6,'change_session'),(23,'Can delete session',6,'delete_session'),(24,'Can view session',6,'view_session'),(25,'Can add order',7,'add_order'),(26,'Can change order',7,'change_order'),(27,'Can delete order',7,'delete_order'),(28,'Can view order',7,'view_order'),(29,'Can add store',8,'add_store'),(30,'Can change store',8,'change_store'),(31,'Can delete store',8,'delete_store'),(32,'Can view store',8,'view_store'),(33,'Can add user',9,'add_user'),(34,'Can change user',9,'change_user'),(35,'Can delete user',9,'delete_user'),(36,'Can view user',9,'view_user'),(37,'Can add vehicle',10,'add_vehicle'),(38,'Can change vehicle',10,'change_vehicle'),(39,'Can delete vehicle',10,'delete_vehicle'),(40,'Can view vehicle',10,'view_vehicle');
/*!40000 ALTER TABLE `auth_permission` ENABLE KEYS */;
UNLOCK TABLES;

--
-- Table structure for table `auth_user`
--

DROP TABLE IF EXISTS `auth_user`;
/*!40101 SET @saved_cs_client     = @@character_set_client */;
 SET character_set_client = utf8mb4 ;
CREATE TABLE `auth_user` (
  `id` int(11) NOT NULL AUTO_INCREMENT,
  `password` varchar(128) NOT NULL,
  `last_login` datetime(6) DEFAULT NULL,
  `is_superuser` tinyint(1) NOT NULL,
  `username` varchar(150) NOT NULL,
  `first_name` varchar(30) NOT NULL,
  `last_name` varchar(150) NOT NULL,
  `email` varchar(254) NOT NULL,
  `is_staff` tinyint(1) NOT NULL,
  `is_active` tinyint(1) NOT NULL,
  `date_joined` datetime(6) NOT NULL,
  PRIMARY KEY (`id`),
  UNIQUE KEY `username` (`username`)
) ENGINE=InnoDB AUTO_INCREMENT=2 DEFAULT CHARSET=utf8mb4 COLLATE=utf8mb4_0900_ai_ci;
/*!40101 SET character_set_client = @saved_cs_client */;

--
-- Dumping data for table `auth_user`
--

LOCK TABLES `auth_user` WRITE;
/*!40000 ALTER TABLE `auth_user` DISABLE KEYS */;
INSERT INTO `auth_user` VALUES (1,'pbkdf2_sha256$120000$I7eJBhjTL97d$LhzrU89ARRJuHpD7jTKE7mtWoIFNwR9UGY0gx4kkr7g=','2018-10-23 01:08:01.073707',1,'admin','','','',1,1,'2018-10-23 01:04:30.532126');
/*!40000 ALTER TABLE `auth_user` ENABLE KEYS */;
UNLOCK TABLES;

--
-- Table structure for table `auth_user_groups`
--

DROP TABLE IF EXISTS `auth_user_groups`;
/*!40101 SET @saved_cs_client     = @@character_set_client */;
 SET character_set_client = utf8mb4 ;
CREATE TABLE `auth_user_groups` (
  `id` int(11) NOT NULL AUTO_INCREMENT,
  `user_id` int(11) NOT NULL,
  `group_id` int(11) NOT NULL,
  PRIMARY KEY (`id`),
  UNIQUE KEY `auth_user_groups_user_id_group_id_94350c0c_uniq` (`user_id`,`group_id`),
  KEY `auth_user_groups_group_id_97559544_fk_auth_group_id` (`group_id`),
  CONSTRAINT `auth_user_groups_group_id_97559544_fk_auth_group_id` FOREIGN KEY (`group_id`) REFERENCES `auth_group` (`id`),
  CONSTRAINT `auth_user_groups_user_id_6a12ed8b_fk_auth_user_id` FOREIGN KEY (`user_id`) REFERENCES `auth_user` (`id`)
) ENGINE=InnoDB DEFAULT CHARSET=utf8mb4 COLLATE=utf8mb4_0900_ai_ci;
/*!40101 SET character_set_client = @saved_cs_client */;

--
-- Dumping data for table `auth_user_groups`
--

LOCK TABLES `auth_user_groups` WRITE;
/*!40000 ALTER TABLE `auth_user_groups` DISABLE KEYS */;
/*!40000 ALTER TABLE `auth_user_groups` ENABLE KEYS */;
UNLOCK TABLES;

--
-- Table structure for table `auth_user_user_permissions`
--

DROP TABLE IF EXISTS `auth_user_user_permissions`;
/*!40101 SET @saved_cs_client     = @@character_set_client */;
 SET character_set_client = utf8mb4 ;
CREATE TABLE `auth_user_user_permissions` (
  `id` int(11) NOT NULL AUTO_INCREMENT,
  `user_id` int(11) NOT NULL,
  `permission_id` int(11) NOT NULL,
  PRIMARY KEY (`id`),
  UNIQUE KEY `auth_user_user_permissions_user_id_permission_id_14a6b632_uniq` (`user_id`,`permission_id`),
  KEY `auth_user_user_permi_permission_id_1fbb5f2c_fk_auth_perm` (`permission_id`),
  CONSTRAINT `auth_user_user_permi_permission_id_1fbb5f2c_fk_auth_perm` FOREIGN KEY (`permission_id`) REFERENCES `auth_permission` (`id`),
  CONSTRAINT `auth_user_user_permissions_user_id_a95ead1b_fk_auth_user_id` FOREIGN KEY (`user_id`) REFERENCES `auth_user` (`id`)
) ENGINE=InnoDB DEFAULT CHARSET=utf8mb4 COLLATE=utf8mb4_0900_ai_ci;
/*!40101 SET character_set_client = @saved_cs_client */;

--
-- Dumping data for table `auth_user_user_permissions`
--

LOCK TABLES `auth_user_user_permissions` WRITE;
/*!40000 ALTER TABLE `auth_user_user_permissions` DISABLE KEYS */;
/*!40000 ALTER TABLE `auth_user_user_permissions` ENABLE KEYS */;
UNLOCK TABLES;

--
-- Table structure for table `django_admin_log`
--

DROP TABLE IF EXISTS `django_admin_log`;
/*!40101 SET @saved_cs_client     = @@character_set_client */;
 SET character_set_client = utf8mb4 ;
CREATE TABLE `django_admin_log` (
  `id` int(11) NOT NULL AUTO_INCREMENT,
  `action_time` datetime(6) NOT NULL,
  `object_id` longtext,
  `object_repr` varchar(200) NOT NULL,
  `action_flag` smallint(5) unsigned NOT NULL,
  `change_message` longtext NOT NULL,
  `content_type_id` int(11) DEFAULT NULL,
  `user_id` int(11) NOT NULL,
  PRIMARY KEY (`id`),
  KEY `django_admin_log_content_type_id_c4bce8eb_fk_django_co` (`content_type_id`),
  KEY `django_admin_log_user_id_c564eba6_fk_auth_user_id` (`user_id`),
  CONSTRAINT `django_admin_log_content_type_id_c4bce8eb_fk_django_co` FOREIGN KEY (`content_type_id`) REFERENCES `django_content_type` (`id`),
  CONSTRAINT `django_admin_log_user_id_c564eba6_fk_auth_user_id` FOREIGN KEY (`user_id`) REFERENCES `auth_user` (`id`)
) ENGINE=InnoDB AUTO_INCREMENT=4 DEFAULT CHARSET=utf8mb4 COLLATE=utf8mb4_0900_ai_ci;
/*!40101 SET character_set_client = @saved_cs_client */;

--
-- Dumping data for table `django_admin_log`
--

LOCK TABLES `django_admin_log` WRITE;
/*!40000 ALTER TABLE `django_admin_log` DISABLE KEYS */;
INSERT INTO `django_admin_log` VALUES (1,'2018-10-23 01:08:12.945347','11253','User object (11253)',2,'[{\"changed\": {\"fields\": [\"authenticationlevel\"]}}]',9,1),(2,'2018-10-23 02:02:44.262574','202','202',3,'',7,1),(3,'2018-10-23 02:08:06.255012','11560','11560',1,'[{\"added\": {}}]',9,1);
/*!40000 ALTER TABLE `django_admin_log` ENABLE KEYS */;
UNLOCK TABLES;

--
-- Table structure for table `django_content_type`
--

DROP TABLE IF EXISTS `django_content_type`;
/*!40101 SET @saved_cs_client     = @@character_set_client */;
 SET character_set_client = utf8mb4 ;
CREATE TABLE `django_content_type` (
  `id` int(11) NOT NULL AUTO_INCREMENT,
  `app_label` varchar(100) NOT NULL,
  `model` varchar(100) NOT NULL,
  PRIMARY KEY (`id`),
  UNIQUE KEY `django_content_type_app_label_model_76bd3d3b_uniq` (`app_label`,`model`)
) ENGINE=InnoDB AUTO_INCREMENT=11 DEFAULT CHARSET=utf8mb4 COLLATE=utf8mb4_0900_ai_ci;
/*!40101 SET character_set_client = @saved_cs_client */;

--
-- Dumping data for table `django_content_type`
--

LOCK TABLES `django_content_type` WRITE;
/*!40000 ALTER TABLE `django_content_type` DISABLE KEYS */;
INSERT INTO `django_content_type` VALUES (1,'admin','logentry'),(3,'auth','group'),(2,'auth','permission'),(4,'auth','user'),(5,'contenttypes','contenttype'),(7,'Search','order'),(8,'Search','store'),(9,'Search','user'),(10,'Search','vehicle'),(6,'sessions','session');
/*!40000 ALTER TABLE `django_content_type` ENABLE KEYS */;
UNLOCK TABLES;

--
-- Table structure for table `django_migrations`
--

DROP TABLE IF EXISTS `django_migrations`;
/*!40101 SET @saved_cs_client     = @@character_set_client */;
 SET character_set_client = utf8mb4 ;
CREATE TABLE `django_migrations` (
  `id` int(11) NOT NULL AUTO_INCREMENT,
  `app` varchar(255) NOT NULL,
  `name` varchar(255) NOT NULL,
  `applied` datetime(6) NOT NULL,
  PRIMARY KEY (`id`)
) ENGINE=InnoDB AUTO_INCREMENT=42 DEFAULT CHARSET=utf8mb4 COLLATE=utf8mb4_0900_ai_ci;
/*!40101 SET character_set_client = @saved_cs_client */;

--
-- Dumping data for table `django_migrations`
--

LOCK TABLES `django_migrations` WRITE;
/*!40000 ALTER TABLE `django_migrations` DISABLE KEYS */;
INSERT INTO `django_migrations` VALUES (1,'Search','0001_initial','2018-10-23 00:35:40.384656'),(2,'Search','0002_auto_20181023_0817','2018-10-23 00:35:40.396625'),(3,'Search','0003_auto_20181023_0956','2018-10-23 00:35:40.406598'),(4,'Search','0004_auto_20181023_0956','2018-10-23 00:35:40.415574'),(5,'Search','0005_auto_20181023_1015','2018-10-23 00:35:40.425547'),(6,'Search','0006_auto_20181023_1021','2018-10-23 00:35:40.433528'),(7,'Search','0007_auto_20181023_1026','2018-10-23 00:35:40.441505'),(8,'Search','0008_auto_20181023_1030','2018-10-23 00:35:40.450480'),(9,'Search','0009_auto_20181023_1035','2018-10-23 00:35:40.457462'),(25,'contenttypes','0001_initial','2018-10-23 00:40:54.746165'),(26,'auth','0001_initial','2018-10-23 00:40:57.085861'),(27,'admin','0001_initial','2018-10-23 00:40:57.836381'),(28,'admin','0002_logentry_remove_auto_add','2018-10-23 00:40:57.853334'),(29,'admin','0003_logentry_add_action_flag_choices','2018-10-23 00:40:57.873281'),(30,'contenttypes','0002_remove_content_type_name','2018-10-23 00:40:58.216365'),(31,'auth','0002_alter_permission_name_max_length','2018-10-23 00:40:58.470691'),(32,'auth','0003_alter_user_email_max_length','2018-10-23 00:40:58.514574'),(33,'auth','0004_alter_user_username_opts','2018-10-23 00:40:58.537514'),(34,'auth','0005_alter_user_last_login_null','2018-10-23 00:40:58.707059'),(35,'auth','0006_require_contenttypes_0002','2018-10-23 00:40:58.717033'),(36,'auth','0007_alter_validators_add_error_messages','2018-10-23 00:40:58.734984'),(37,'auth','0008_alter_user_username_max_length','2018-10-23 00:41:00.667960'),(38,'auth','0009_alter_user_last_name_max_length','2018-10-23 00:41:00.908318'),(39,'Search','0002_auto_20181023_1042','2018-10-23 00:43:03.054829'),(40,'Search','0003_auto_20181023_1043','2018-10-23 00:43:19.381064'),(41,'sessions','0001_initial','2018-10-23 01:07:39.882306');
/*!40000 ALTER TABLE `django_migrations` ENABLE KEYS */;
UNLOCK TABLES;

--
-- Table structure for table `django_session`
--

DROP TABLE IF EXISTS `django_session`;
/*!40101 SET @saved_cs_client     = @@character_set_client */;
 SET character_set_client = utf8mb4 ;
CREATE TABLE `django_session` (
  `session_key` varchar(40) NOT NULL,
  `session_data` longtext NOT NULL,
  `expire_date` datetime(6) NOT NULL,
  PRIMARY KEY (`session_key`),
  KEY `django_session_expire_date_a5c62663` (`expire_date`)
) ENGINE=InnoDB DEFAULT CHARSET=utf8mb4 COLLATE=utf8mb4_0900_ai_ci;
/*!40101 SET character_set_client = @saved_cs_client */;

--
-- Dumping data for table `django_session`
--

LOCK TABLES `django_session` WRITE;
/*!40000 ALTER TABLE `django_session` DISABLE KEYS */;
INSERT INTO `django_session` VALUES ('xbsgsq8x9o6oolffudhzwl9x3jmrw76y','NjIyMWEwODk4ZjFlZTNlNjY4YmQwM2E0MDlkNmU1NWJlYzM3Yzg4Mjp7Il9hdXRoX3VzZXJfaWQiOiIxIiwiX2F1dGhfdXNlcl9iYWNrZW5kIjoiZGphbmdvLmNvbnRyaWIuYXV0aC5iYWNrZW5kcy5Nb2RlbEJhY2tlbmQiLCJfYXV0aF91c2VyX2hhc2giOiJlMzg1NWEzMzAzMzBmOGFiMDM3MmEyOGU3MzQ1MzEwYTAzZDEwZDMwIiwiZW1haWwiOiJhZG1pbkBhZG1pbi5jb20ifQ==','2018-11-06 01:48:38.427725');
/*!40000 ALTER TABLE `django_session` ENABLE KEYS */;
UNLOCK TABLES;

--
-- Table structure for table `search_order`
--

DROP TABLE IF EXISTS `search_order`;
/*!40101 SET @saved_cs_client     = @@character_set_client */;
 SET character_set_client = utf8mb4 ;
CREATE TABLE `search_order` (
  `orderID` int(11) NOT NULL AUTO_INCREMENT,
  `createDate` varchar(10) DEFAULT NULL,
  `pickupDate` varchar(10) DEFAULT NULL,
  `returnDate` varchar(10) DEFAULT NULL,
  `carid` int(11) DEFAULT NULL,
  `pickupstore` int(11) DEFAULT NULL,
  `returnstore` int(11) DEFAULT NULL,
  `userid` int(11) DEFAULT NULL,
  PRIMARY KEY (`orderID`),
  KEY `Search_order_carid_92cba60d_fk_Search_vehicle_carid` (`carid`),
  KEY `Search_order_pickupstore_045fa787_fk_Search_store_storeid` (`pickupstore`),
  KEY `Search_order_returnstore_695f6bc1_fk_Search_store_storeid` (`returnstore`),
  CONSTRAINT `Search_order_carid_92cba60d_fk_Search_vehicle_carid` FOREIGN KEY (`carid`) REFERENCES `search_vehicle` (`carid`),
  CONSTRAINT `Search_order_pickupstore_045fa787_fk_Search_store_storeid` FOREIGN KEY (`pickupstore`) REFERENCES `search_store` (`storeid`),
  CONSTRAINT `Search_order_returnstore_695f6bc1_fk_Search_store_storeid` FOREIGN KEY (`returnstore`) REFERENCES `search_store` (`storeid`)
) ENGINE=InnoDB AUTO_INCREMENT=601 DEFAULT CHARSET=utf8mb4 COLLATE=utf8mb4_0900_ai_ci;
/*!40101 SET character_set_client = @saved_cs_client */;

--
-- Dumping data for table `search_order`
--

LOCK TABLES `search_order` WRITE;
/*!40000 ALTER TABLE `search_order` DISABLE KEYS */;
INSERT INTO `search_order` VALUES (3,'20050703','20050703','20050711',14806,3,16,11014),(4,'20050704','20050704','20050709',14816,12,8,11012),(5,'20050705','20050705','20050710',14810,5,5,11011),(6,'20050706','20050709','20050715',14812,6,25,11011),(7,'20050707','20050707','20050715',14814,7,14,11014),(8,'20050708','20050709','20050716',14816,8,29,11016),(9,'20050709','20050709','20050718',14818,9,18,11014),(11,'20050711','20050711','20050716',14811,11,13,11059),(12,'20050712','20050715','20050813',14812,25,25,11017),(14,'20050714','20050715','20050719',14814,14,14,11055),(15,'20050715','20050715','20050724',14815,15,15,11056),(16,'20050716','20050716','20050817',14816,29,29,11052),(18,'20050718','20050718','20050723',14818,18,18,11055),(19,'20050719','20050720','20050810',14819,14,14,11017),(20,'20050720','20050723','20050804',14835,15,35,11052),(22,'20050722','20050722','20050808',14839,17,39,11018),(23,'20050723','20050723','20050807',14838,15,25,11015),(24,'20050724','20050727','20050812',14843,19,19,11018),(25,'20050725','20050725','20050814',14850,25,5,11016),(26,'20050726','20050729','20050814',14847,21,21,11018),(27,'20050727','20050727','20050812',14846,19,3,11051),(29,'20050729','20050729','20050818',14858,29,9,11016),(30,'20050730','20050730','20050820',14860,30,10,11016),(31,'20050731','20050731','20050824',14831,21,24,11012),(32,'20050801','20050804','20050806',14832,21,21,11015),(33,'20050802','20050802','20050807',14833,33,15,11019),(34,'20050803','20050803','20050824',14834,21,21,11057),(35,'20050804','20050804','20050813',14835,35,35,11056),(36,'20050805','20050805','20050826',14836,23,23,11057),(37,'20050806','20050806','20050815',14837,37,37,11013),(38,'20050807','20050807','20050828',14838,25,25,11012),(39,'20050808','20050808','20050816',14839,39,9,11014),(40,'20050809','20050810','20050921',14880,40,15,11013),(41,'20050810','20050810','20050819',14842,1,1,11016),(42,'20050811','20050814','20050816',14855,13,13,11015),(43,'20050812','20050812','20050817',14846,3,10,11059),(44,'20050813','20050816','20050828',14859,15,19,11051),(45,'20050814','20050814','20050823',14850,5,5,11053),(46,'20050815','20050815','20050901',14863,17,23,11051),(47,'20050816','20050816','20050824',14854,7,14,11053),(48,'20050817','20050818','20050908',14870,22,30,11017),(49,'20050818','20050818','20050827',14858,9,18,11053),(50,'20050819','20050820','20050829',14860,10,11,11050),(51,'20050820','20050821','20050825',14851,22,22,11015),(52,'20050821','20050821','20050907',14852,23,16,11015),(53,'20050822','20050822','20050910',14853,9,9,11018),(54,'20050823','20050824','20050912',14854,14,14,11053),(55,'20050824','20050824','20050915',14831,24,24,11012),(56,'20050825','20050826','20050910',14856,16,14,11019),(57,'20050826','20050826','20050914',14857,13,13,11018),(58,'20050827','20050827','20050912',14858,18,18,11011),(59,'20050828','20050828','20050913',14859,19,9,11019),(60,'20050829','20050829','20050910',14860,11,11,11012),(61,'20050830','20050830','20050918',14861,17,21,11054),(63,'20050901','20050901','20050910',14863,23,23,11053),(64,'20050902','20050902','20050923',14864,17,17,11052),(65,'20050903','20050903','20050911',14865,18,25,11054),(66,'20050904','20050905','20050913',14866,26,26,11056),(67,'20050905','20050905','20050910',14867,27,27,11011),(68,'20050906','20050907','20050907',14852,16,17,11057),(69,'20050907','20050907','20050928',14852,17,17,11057),(70,'20050908','20050908','20050913',14870,30,30,11055),(71,'20050909','20050909','20050914',14871,31,31,11011),(72,'20050910','20050911','20051001',14872,32,21,11010),(73,'20050911','20050911','20050916',14873,23,23,11015),(74,'20050912','20050915','20050917',14874,24,24,11015),(75,'20050913','20050914','20051014',14875,28,28,11017),(76,'20050914','20050915','20050919',14876,26,26,11015),(77,'20050915','20050915','20050924',14877,37,37,11013),(78,'20050916','20050917','20050924',14878,38,13,11014),(79,'20050917','20050917','20050925',14879,39,14,11014),(80,'20050918','20050921','20051019',14880,15,15,11017),(81,'20050919','20050919','20050924',14881,13,13,11051),(82,'20050920','20050920','20051011',14882,12,12,11057),(83,'20050921','20050921','20050926',14883,3,3,11055),(84,'20050922','20050923','20051010',14884,4,4,11010),(85,'20050923','20050924','20051014',14885,20,20,11052),(87,'20050925','20050925','20051013',14887,7,7,11058),(88,'20050926','20050926','20051017',14888,23,23,11052),(89,'20050927','20050927','20051012',14889,21,21,11051),(90,'20050928','20050929','20051019',14890,20,20,11057),(91,'20050929','20050929','20051017',14891,11,10,11014),(93,'20051001','20051001','20051007',14872,21,26,11012),(95,'20051003','20051003','20051008',14895,25,25,11015),(96,'20051004','20051005','20051009',14896,26,26,11051),(97,'20051005','20051005','20051013',14897,17,14,11014),(98,'20051006','20051007','20051027',14872,26,26,11012),(99,'20051007','20051008','20051028',14899,14,14,11017),(100,'20051008','20051009','20051017',14900,20,20,11016),(101,'20051009','20051009','20051018',14901,21,21,11113),(102,'20051010','20051010','20051018',14902,17,22,11114),(103,'20051011','20051011','20051022',14903,18,10,11114),(104,'20051012','20051015','20051021',14904,24,24,11116),(105,'20051013','20051013','20051018',14905,25,25,11115),(106,'20051014','20051014','20051025',14906,21,10,11112),(107,'20051015','20051015','20051024',14907,27,27,11113),(108,'20051016','20051017','20051021',14908,20,20,11111),(109,'20051017','20051017','20051022',14909,29,15,11119),(110,'20051018','20051021','20051119',14910,25,25,11112),(111,'20051019','20051019','20051110',14911,21,21,11117),(112,'20051020','20051021','20051025',14912,32,10,11119),(113,'20051021','20051022','20051026',14903,10,14,11114),(114,'20051022','20051023','20051027',14914,26,26,11111),(115,'20051023','20051023','20051028',14915,35,35,11115),(116,'20051024','20051025','20051108',14906,10,25,11111),(117,'20051025','20051026','20051026',14903,14,15,11114),(118,'20051026','20051026','20051028',14903,15,16,11112),(119,'20051027','20051028','20051115',14903,16,39,11114),(120,'20051028','20051028','20051110',14920,12,13,11117),(121,'20051029','20051029','20051117',14921,18,1,11114),(122,'20051030','20051030','20051118',14922,2,2,11158),(123,'20051031','20051031','20051112',14923,3,9,11116),(124,'20051101','20051101','20051112',14924,15,10,11111),(125,'20051102','20051102','20051111',14925,5,5,11116),(126,'20051103','20051104','20051124',14926,20,20,11112),(127,'20051104','20051104','20051128',14927,7,24,11115),(128,'20051105','20051106','20051113',14928,8,8,11158),(129,'20051106','20051107','20051201',14929,20,25,11159),(130,'20051107','20051107','20051115',14930,24,10,11114),(131,'20051108','20051108','20051114',14906,25,31,11157),(132,'20051109','20051112','20051115',14923,9,15,11156),(133,'20051110','20051110','20051114',14920,13,16,11158),(134,'20051111','20051112','20051112',14924,10,11,11114),(135,'20051112','20051112','20051210',14924,11,28,11150),(136,'20051113','20051114','20051116',14920,16,19,11119),(137,'20051114','20051114','20051215',14906,31,31,11157),(138,'20051115','20051115','20051124',14923,15,15,11156),(139,'20051116','20051116','20051206',14920,19,36,11151),(140,'20051117','20051118','20051122',14940,20,20,11155),(141,'20051118','20051118','20051210',14941,21,12,11154),(142,'20051119','20051119','20051210',14942,18,18,11152),(143,'20051120','20051120','20051202',14943,23,12,11154),(144,'20051121','20051124','20051206',14944,21,14,11153),(145,'20051122','20051122','20051211',14945,25,25,11116),(146,'20051123','20051124','20051128',14946,26,26,11155),(147,'20051124','20051124','20051205',14947,18,10,11117),(148,'20051125','20051126','20051210',14948,28,11,11119),(149,'20051126','20051127','20051215',14949,26,26,11153),(150,'20051127','20051127','20051215',14950,30,30,11154),(151,'20051128','20051128','20051213',14927,24,24,11111),(152,'20051129','20051129','20051210',14924,28,28,11157),(153,'20051130','20051130','20051219',14941,12,12,11153),(154,'20051201','20051201','20051206',14929,25,25,11111),(155,'20051202','20051202','20051207',14943,12,16,11156),(156,'20051203','20051206','20051208',14920,36,36,11155),(157,'20051204','20051205','20051209',14947,10,12,11159),(158,'20051205','20051206','20051208',14944,14,17,11157),(159,'20051206','20051207','20051207',14943,16,17,11156),(160,'20051207','20051207','20051211',14943,17,20,11153),(161,'20051208','20051208','20051212',14944,17,20,11152),(162,'20051209','20051210','20060103',14967,2,26,11154),(163,'20051210','20051211','20051215',14943,20,25,11156),(164,'20051211','20051212','20051218',14944,20,27,11150),(165,'20051212','20051212','20051222',14960,5,15,11158),(166,'20051213','20051213','20051219',14961,6,9,11154),(167,'20051214','20051214','20051224',14962,7,14,11154),(168,'20051215','20051215','20051224',14943,25,25,11156),(170,'20051217','20051220','20051219',14961,9,11,11156),(171,'20051218','20051218','20051220',14944,27,29,11157),(172,'20051219','20051219','20060111',14961,11,22,11156),(173,'20051220','20051220','20060111',14944,29,29,11152),(174,'20051221','20051222','20060101',14969,14,25,11158),(175,'20051222','20051222','20060110',14960,15,15,11158),(176,'20051223','20051224','20051224',14962,14,15,11157),(177,'20051224','20051224','20051226',14962,15,16,11152),(178,'20051225','20051226','20051226',14962,16,17,11152),(179,'20051226','20051226','20051228',14962,17,20,11152),(180,'20051227','20051228','20060110',14962,20,20,11155),(181,'20051228','20051228','20060103',14966,21,21,11154),(182,'20051229','20051229','20060115',14962,20,38,11157),(183,'20051230','20051230','20060106',14961,22,30,11156),(184,'20051231','20051231','20060116',14965,19,15,11159),(185,'20060101','20060101','20060105',14969,25,28,11158),(186,'20060102','20060103','20060106',14967,26,22,11151),(187,'20060103','20060103','20060112',14966,21,21,11153),(188,'20060104','20060105','20060109',14969,28,28,11151),(189,'20060105','20060106','20060107',14967,22,24,11157),(190,'20060106','20060106','20060111',14961,30,30,11151),(191,'20060107','20060107','20060110',14967,24,26,11152),(193,'20060109','20060110','20060112',14967,26,28,11157),(194,'20060110','20060113','20060112',14985,9,11,11150),(195,'20060111','20060112','20060212',14967,28,28,11152),(196,'20060112','20060112','20060113',14985,11,12,11150),(197,'20060113','20060113','20060121',14985,12,12,11150),(198,'20060114','20060115','20060122',14962,38,38,11158),(199,'20060115','20060115','20060124',14984,15,15,11156),(200,'20060116','20060117','20060121',15004,40,4,11154),(201,'20060117','20060117','20060203',15001,1,18,11250),(203,'20060119','20060119','20060211',15003,18,12,11258),(204,'20060120','20060121','20060129',15004,4,13,11256),(205,'20060121','20060121','20060127',15005,5,11,11251),(206,'20060122','20060125','20060211',15006,6,9,11259),(207,'20060123','20060123','20060212',15007,7,7,11253),(208,'20060124','20060124','20060224',15008,23,38,11258),(209,'20060125','20060125','20060202',15009,9,16,11253),(210,'20060126','20060127','20060211',15010,10,10,11251),(211,'20060127','20060127','20060211',15005,11,14,11254),(212,'20060128','20060128','20060224',15003,12,39,11251),(213,'20060129','20060129','20060214',15004,13,14,11259),(214,'20060130','20060130','20060218',15005,14,32,11251),(215,'20060131','20060131','20060220',15006,9,28,11255),(216,'20060201','20060202','20060218',15009,16,24,11254),(217,'20060202','20060202','20060210',15000,17,17,11250),(218,'20060203','20060203','20060216',15001,18,31,11250),(220,'20060205','20060206','20060210',15020,20,20,11251),(222,'20060207','20060208','20060212',15022,22,22,11251),(223,'20060208','20060208','20060217',15023,23,23,11253),(224,'20060209','20060212','20060310',15024,24,29,11256),(225,'20060210','20060210','20060218',15025,19,19,11258),(226,'20060211','20060211','20060312',15026,15,15,11252),(227,'20060212','20060212','20060221',15027,27,27,11256),(228,'20060213','20060214','20060222',15028,28,28,11256),(229,'20060214','20060214','20060219',15029,29,11,11259),(230,'20060215','20060218','20060316',15030,19,19,11252),(231,'20060216','20060216','20060221',15001,31,31,11251),(232,'20060217','20060218','20060225',15005,32,10,11254),(233,'20060218','20060218','20060220',15009,24,35,11255),(234,'20060219','20060220','20060222',15006,28,31,11217),(235,'20060220','20060220','20060228',15009,35,35,11256),(236,'20060221','20060224','20060312',15011,25,25,11252),(237,'20060222','20060222','20060313',15006,31,31,11217),(238,'20060223','20060224','20060228',15008,38,38,11251),(239,'20060224','20060224','20060313',15003,39,39,11256),(240,'20060225','20060228','20060315',15040,13,18,11219),(241,'20060226','20060227','20060312',15041,14,15,11219),(243,'20060228','20060228','20060308',15043,20,11,11213),(244,'20060301','20060302','20060405',15044,4,39,11218),(245,'20060302','20060302','20060320',15045,5,18,11215),(246,'20060303','20060304','20060328',15046,22,30,11217),(247,'20060304','20060304','20060312',15047,7,12,11218),(248,'20060305','20060305','20060320',15048,25,22,11216),(249,'20060306','20060306','20060324',15049,9,27,11214),(250,'20060307','20060307','20060312',15050,23,11,11219),(251,'20060308','20060308','20060314',15043,11,17,11259),(252,'20060309','20060312','20060313',15047,12,9,11254),(253,'20060310','20060310','20060411',15024,29,29,11257),(254,'20060311','20060314','20060318',15042,12,20,11210),(255,'20060312','20060312','20060316',15041,15,19,11256),(256,'20060313','20060313','20060319',15047,9,14,11252),(257,'20060314','20060314','20060323',15043,17,17,11256),(258,'20060315','20060315','20060324',15040,18,24,11251),(259,'20060316','20060316','20060324',15041,19,26,11259),(260,'20060317','20060318','20060410',15042,20,31,11259),(261,'20060318','20060319','20060410',15047,14,32,11252),(262,'20060319','20060320','20060403',15048,22,37,11253),(263,'20060320','20060320','20060323',15045,18,20,11255),(264,'20060321','20060324','20060326',15040,24,28,11256),(265,'20060322','20060323','20060326',15045,20,24,11255),(266,'20060323','20060324','20060411',15041,26,26,11250),(267,'20060324','20060324','20060329',15049,27,27,11251),(268,'20060325','20060326','20060401',15040,28,35,11259),(269,'20060326','20060326','20060411',15045,24,24,11255),(270,'20060327','20060327','20060328',15046,30,31,11253),(271,'20060328','20060328','20060412',15046,31,34,11254),(272,'20060329','20060329','20060405',15047,32,36,11254),(273,'20060330','20060330','20060411',15042,31,31,11257),(274,'20060331','20060331','20060416',15046,34,34,11251),(275,'20060401','20060401','20060410',15040,35,35,11256),(276,'20060402','20060405','20060407',15047,36,15,11259),(277,'20060403','20060403','20060408',15048,37,8,11259),(278,'20060404','20060404','20060415',15066,12,22,11255),(279,'20060405','20060405','20060414',15044,39,39,11256),(280,'20060406','20060406','20060413',15063,17,24,11257),(281,'20060407','20060407','20060513',15082,1,37,11251),(282,'20060408','20060409','20060417',15087,2,2,11256),(283,'20060409','20060409','20060411',15068,15,17,11252),(284,'20060410','20060411','20060419',15088,4,13,11254),(285,'20060411','20060411','20060512',15068,17,17,11252),(286,'20060412','20060412','20060419',15081,6,9,11256),(287,'20060413','20060413','20060416',15063,24,26,11258),(288,'20060414','20060415','20060419',15066,22,22,11255),(289,'20060415','20060416','20060423',15063,26,31,11258),(290,'20060416','20060419','20060424',15081,9,17,11258),(291,'20060417','20060417','20060507',15085,11,31,11250),(292,'20060418','20060418','20060515',15083,12,39,11251),(293,'20060419','20060419','20060423',15088,13,17,11256),(294,'20060420','20060423','20060511',15063,31,31,11257),(295,'20060421','20060421','20060426',15084,11,11,11255),(296,'20060422','20060423','20060425',15080,16,19,11254),(297,'20060423','20060423','20060428',15088,17,12,11259),(298,'20060424','20060424','20060515',15081,17,17,11257),(299,'20060425','20060425','20060510',15080,19,14,11259),(300,'20060426','20060427','20060515',15100,20,20,11253),(301,'20060427','20060427','20060508',15101,21,11,11355),(302,'20060428','20060429','20060513',15102,22,10,11359),(303,'20060429','20060429','20060514',15103,19,19,11351),(304,'20060430','20060430','20060512',15104,24,12,11350),(305,'20060501','20060501','20060510',15105,25,25,11353),(306,'20060502','20060502','20060514',15106,23,12,11354),(307,'20060503','20060503','20060508',15107,27,27,11355),(308,'20060504','20060504','20060525',15108,25,25,11352),(309,'20060505','20060505','20060514',15109,29,29,11353),(310,'20060506','20060506','20060511',15110,24,24,11351),(311,'20060507','20060507','20060511',15085,31,34,11350),(312,'20060508','20060508','20060509',15101,11,12,11354),(313,'20060509','20060509','20060517',15101,12,33,11354),(314,'20060510','20060511','20060515',15085,34,12,11359),(315,'20060511','20060511','20060519',15089,35,35,11350),(316,'20060512','20060512','20060517',15104,12,12,11351),(317,'20060513','20060513','20060522',15082,37,37,11353),(318,'20060514','20060514','20060527',15106,12,25,11357),(319,'20060515','20060515','20060523',15083,39,39,11350),(320,'20060516','20060517','20060521',15124,40,4,11350),(321,'20060517','20060517','20060525',15121,1,1,11350),(322,'20060518','20060518','20060624',15122,21,38,11354),(323,'20060519','20060519','20060618',15123,3,33,11356),(324,'20060520','20060521','20060620',15124,4,34,11353),(325,'20060521','20060521','20060529',15125,5,5,11358),(326,'20060522','20060525','20060613',15126,25,25,11352),(327,'20060523','20060523','20060603',15127,21,10,11357),(328,'20060524','20060525','20060611',15128,8,14,11358),(329,'20060525','20060525','20060602',15129,23,16,11357),(330,'20060526','20060526','20060617',15130,29,29,11352),(331,'20060527','20060527','20060529',15106,25,26,11312),(332,'20060528','20060529','20060619',15106,26,26,11312),(333,'20060529','20060529','20060612',15119,14,16,11318),(334,'20060530','20060530','20060618',15128,14,14,11350),(335,'20060531','20060531','20060612',15119,16,16,11317),(336,'20060601','20060602','20060604',15129,16,19,11314),(337,'20060602','20060603','20060603',15127,10,11,11312),(338,'20060603','20060603','20060622',15127,11,37,11312),(339,'20060604','20060604','20060620',15129,19,35,11319),(340,'20060605','20060605','20060616',15140,15,11,11351),(342,'20060607','20060608','20060706',15142,22,28,11314),(343,'20060608','20060608','20060613',15143,23,23,11311),(344,'20060609','20060612','20060618',15144,24,24,11316),(346,'20060611','20060612','20060616',15146,26,26,11311),(347,'20060612','20060613','20060713',15147,20,20,11312),(348,'20060613','20060614','20060714',15148,26,26,11317),(349,'20060614','20060614','20060715',15149,27,27,11317),(350,'20060615','20060618','20060623',15150,30,16,11314),(351,'20060616','20060616','20060617',15140,11,12,11318),(352,'20060617','20060617','20060624',15140,12,19,11318),(353,'20060618','20060618','20060626',15123,33,40,11311),(354,'20060619','20060620','20060624',15124,34,34,11311),(355,'20060620','20060620','20060624',15129,35,36,11316),(356,'20060621','20060624','20060629',15129,36,14,11314),(357,'20060622','20060622','20060627',15127,37,11,11319),(358,'20060623','20060624','20060712',15122,38,38,11313),(359,'20060624','20060624','20060715',15140,19,19,11317),(360,'20060625','20060626','20060713',15123,40,10,11314),(361,'20060626','20060626','20060706',15165,1,11,11316),(362,'20060627','20060628','20060708',15166,2,13,11313),(364,'20060629','20060629','20060810',15168,4,35,11316),(365,'20060630','20060630','20060704',15169,5,9,11316),(367,'20060702','20060702','20060713',15161,7,18,11316),(368,'20060703','20060704','20060710',15162,8,12,11313),(369,'20060704','20060704','20060710',15169,9,15,11311),(370,'20060705','20060706','20060726',15142,28,28,11317),(371,'20060706','20060706','20060712',15165,11,12,11313),(372,'20060707','20060710','20060712',15162,12,8,11319),(373,'20060708','20060708','20060712',15166,13,16,11314),(374,'20060709','20060710','20060717',15167,14,14,11318),(375,'20060710','20060710','20060714',15169,15,19,11313),(376,'20060711','20060712','20060718',15166,16,23,11319),(377,'20060712','20060712','20060717',15165,12,17,11312),(378,'20060713','20060713','20060716',15161,18,21,11310),(379,'20060714','20060714','20060722',15169,19,26,11319),(380,'20060715','20060716','20060724',15163,20,29,11310),(381,'20060716','20060716','20060721',15161,21,9,11319),(382,'20060717','20060717','20060721',15165,17,19,11312),(383,'20060718','20060718','20060728',15166,23,12,11318),(384,'20060719','20060722','20060721',15165,19,20,11312),(385,'20060720','20060721','20060723',15165,20,23,11312),(386,'20060721','20060722','20060814',15169,26,36,11318),(387,'20060722','20060722','20060810',15160,27,11,11314),(388,'20060723','20060723','20060726',15165,23,31,11312),(389,'20060724','20060724','20060813',15163,29,29,11313),(390,'20060725','20060728','20060728',15166,12,33,11318),(391,'20060726','20060726','20060815',15165,31,31,11313),(392,'20060727','20060727','20060816',15181,11,31,11315),(393,'20060728','20060728','20060816',15166,33,33,11310),(395,'20060730','20060730','20060818',15168,35,35,11310),(396,'20060731','20060731','20060819',15169,36,36,11310),(397,'20060801','20060801','20060802',15186,11,12,11312),(398,'20060802','20060802','20060823',15186,12,12,11312),(399,'20060803','20060803','20060808',15184,15,15,11315),(400,'20060804','20060805','20060813',15209,16,9,11315),(401,'20060805','20060805','20060813',15201,1,1,11410),(402,'20060806','20060807','20060821',15202,2,14,11419),(403,'20060807','20060807','20060812',15203,3,3,11415),(404,'20060808','20060809','20060819',15204,4,15,11410),(405,'20060809','20060809','20060908',15205,5,34,11418),(407,'20060811','20060811','20060819',15207,23,14,11411),(408,'20060812','20060813','20060823',15208,8,19,11416),(409,'20060813','20060813','20060822',15209,9,9,11416),(410,'20060814','20060814','20060915',15210,29,29,11412),(411,'20060815','20060815','20060821',15200,11,17,11419),(412,'20060816','20060816','20060917',15181,31,31,11412),(414,'20060818','20060819','20060909',15207,14,36,11416),(415,'20060819','20060819','20060906',15204,15,33,11419),(416,'20060820','20060821','20060825',15202,14,14,11411),(417,'20060821','20060821','20060906',15200,17,32,11413),(418,'20060822','20060822','20060910',15199,19,18,11414),(419,'20060823','20060823','20060828',15208,19,13,11419),(420,'20060824','20060825','20060904',15220,20,11,11418),(421,'20060825','20060825','20060914',15221,21,21,11416),(422,'20060826','20060827','20060911',15222,20,20,11411),(423,'20060827','20060827','20060908',15223,23,12,11418),(424,'20060828','20060828','20060926',15224,24,14,11415),(425,'20060829','20060829','20060925',15225,26,26,11412),(426,'20060830','20060830','20060915',15226,24,24,11411),(427,'20060831','20060831','20060916',15227,25,25,11411),(428,'20060901','20060902','20060910',15228,28,28,11413),(429,'20060902','20060902','20060907',15229,24,24,11411),(430,'20060903','20060903','20060912',15230,30,30,11416),(431,'20060904','20060904','20060912',15220,11,19,11414),(432,'20060905','20060906','20060912',15200,32,38,11415),(433,'20060906','20060906','20060914',15204,33,33,11418),(434,'20060907','20060908','20060910',15205,34,37,11410),(435,'20060908','20060908','20060913',15223,12,12,11411),(436,'20060909','20060909','20060917',15207,36,36,11418),(437,'20060910','20060910','20060915',15205,37,37,11415),(438,'20060911','20060912','20060920',15200,38,38,11416),(439,'20060912','20060912','20060920',15220,19,39,11414),(440,'20060913','20060914','20060914',15241,40,1,11418),(441,'20060914','20060914','20060926',15241,1,13,11418),(442,'20060915','20060916','20060928',15242,2,14,11415),(443,'20060916','20060916','20060928',15243,3,15,11416),(444,'20060917','20060918','20061006',15244,4,22,11410),(445,'20060918','20060918','20061010',15245,25,27,11412),(446,'20060919','20060922','20060928',15246,6,6,11416),(447,'20060920','20060920','20061002',15247,7,19,11419),(448,'20060921','20060922','20061012',15248,28,10,11412),(449,'20060922','20060922','20061010',15249,9,17,11415),(450,'20060923','20060926','20061011',15250,12,10,11414),(451,'20060924','20060925','20061015',15225,26,26,11417),(452,'20060925','20060926','20061016',15224,14,14,11412),(453,'20060926','20060926','20061012',15241,13,29,11419),(454,'20060927','20060928','20061010',15242,14,24,11419),(455,'20060928','20060928','20061012',15243,15,13,11415),(456,'20060929','20060929','20061003',15243,13,17,11417),(457,'20060930','20060930','20061008',15249,17,25,11416),(458,'20061001','20061001','20061010',15240,18,18,11413),(459,'20061002','20061002','20061018',15247,19,35,11419),(460,'20061003','20061003','20061004',15243,17,18,11411),(461,'20061004','20061004','20061007',15243,18,20,11411),(462,'20061005','20061006','20061010',15244,22,26,11416),(463,'20061006','20061007','20061016',15243,20,32,11411),(464,'20061007','20061010','20061016',15242,24,30,11419),(465,'20061008','20061008','20061014',15249,25,31,11412),(466,'20061009','20061010','20061014',15244,26,26,11415),(467,'20061010','20061010','20061016',15245,27,33,11415),(468,'20061011','20061012','20061019',15248,10,28,11414),(469,'20061012','20061012','20061024',15241,29,40,11416),(470,'20061013','20061016','20061018',15242,30,16,11413),(471,'20061014','20061014','20061019',15249,31,31,11415),(472,'20061015','20061016','20061023',15243,32,32,11410),(473,'20061016','20061016','20061020',15245,33,37,11413),(474,'20061017','20061018','20061025',15242,16,34,11414),(475,'20061018','20061018','20061022',15247,35,36,11413),(476,'20061019','20061022','20061027',15247,36,36,11418),(477,'20061020','20061020','20061025',15245,37,37,11415),(478,'20061021','20061021','20061022',15261,17,18,11411),(479,'20061022','20061022','20061028',15261,18,24,11411),(480,'20061023','20061024','20061111',15241,40,40,11410),(481,'20061024','20061024','20061026',15280,1,3,11410),(482,'20061025','20061028','20061027',15263,19,21,11417),(483,'20061026','20061026','20061110',15280,3,7,11410),(484,'20061027','20061027','20061108',15263,21,16,11417),(485,'20061028','20061028','20061112',15261,24,25,11411),(486,'20061029','20061029','20061103',15261,25,30,11411),(487,'20061030','20061030','20061112',15280,7,8,11418),(488,'20061031','20061031','20061103',15280,8,10,11415),(489,'20061101','20061101','20061106',15264,25,25,11411),(490,'20061102','20061103','20061105',15280,10,13,11418),(491,'20061103','20061103','20061107',15261,30,31,11412),(492,'20061104','20061107','20061125',15261,31,31,11412),(493,'20061105','20061105','20061109',15280,13,16,11415),(494,'20061106','20061109','20061111',15282,12,18,11459),(495,'20061107','20061108','20061128',15263,16,16,11412),(496,'20061108','20061109','20061129',15280,16,36,11413),(497,'20061109','20061109','20061210',15284,13,13,11417),(498,'20061110','20061110','20061118',15260,19,18,11414),(499,'20061111','20061112','20061119',15259,20,19,11414),(500,'20061112','20061115','20061210',15300,21,18,11412),(501,'20061113','20061113','20061118',15301,21,14,11559),(502,'20061114','20061114','20061215',15302,18,18,11552),(503,'20061115','20061115','20061120',15303,23,8,11559),(504,'20061116','20061119','20061124',15304,24,13,11554),(505,'20061117','20061118','20061218',15305,26,26,11557),(506,'20061118','20061119','20061127',15306,26,26,11556),(507,'20061119','20061119','20061127',15307,27,16,11554),(508,'20061120','20061121','20061128',15308,28,28,11550),(509,'20061121','20061121','20061129',15309,29,29,11550),(510,'20061122','20061125','20061210',15310,30,11,11554),(511,'20061123','20061124','20061126',15297,14,15,11557),(512,'20061124','20061127','20061126',15297,15,16,11557),(513,'20061125','20061126','20061126',15297,16,17,11557),(514,'20061126','20061126','20061127',15297,17,18,11558),(515,'20061127','20061127','20061215',15297,18,18,11558),(516,'20061128','20061128','20061129',15280,36,37,11556),(517,'20061129','20061129','20061201',15280,37,39,11550),(518,'20061130','20061130','20061215',15300,18,18,11535),(519,'20061201','20061201','20061209',15280,39,39,11550),(520,'20061202','20061203','20061209',15327,40,7,11551),(521,'20061203','20061203','20070108',15321,1,18,11551),(522,'20061204','20061205','20061213',15322,20,11,11535),(523,'20061205','20061205','20061219',15323,24,16,11558),(524,'20061206','20061207','20061215',15324,4,13,11556),(525,'20061207','20061207','20061217',15325,5,15,11553),(526,'20061208','20061208','20070112',15326,6,40,11559),(527,'20061209','20061209','20070102',15327,7,31,11554),(528,'20061210','20061211','20061220',15328,8,18,11553),(529,'20061211','20061211','20061221',15329,9,19,11554),(530,'20061212','20061213','20061221',15330,10,10,11553),(531,'20061213','20061213','20061222',15322,11,11,11553),(532,'20061214','20061214','20061216',15317,15,17,11558),(533,'20061215','20061215','20061219',15324,13,17,11553),(534,'20061216','20061216','20070117',15317,17,17,11557),(535,'20061217','20061217','20061225',15324,15,15,11518),(536,'20061218','20061219','20070106',15323,16,34,11551),(537,'20061219','20061219','20070106',15324,17,35,11551),(538,'20061220','20061220','20070110',15328,18,39,11550),(539,'20061221','20061221','20061229',15329,19,19,11550),(540,'20061222','20061223','20070108',15340,20,16,11535),(541,'20061223','20061223','20061228',15341,21,21,11551),(542,'20061224','20061225','20070113',15342,26,26,11513),(543,'20061225','20061225','20070105',15343,23,9,11514),(544,'20061226','20061226','20070114',15344,24,24,11518),(545,'20061227','20061227','20070112',15345,25,11,11519),(546,'20061228','20061228','20070119',15346,29,11,11517),(547,'20061229','20061229','20070114',15347,9,13,11519),(548,'20061230','20061230','20070115',15348,28,28,11551),(549,'20061231','20061231','20070119',15349,29,29,11550),(550,'20070101','20070101','20070109',15350,30,30,11550),(551,'20070102','20070102','20070107',15327,31,31,11515),(552,'20070103','20070106','20070105',15343,9,10,11519),(553,'20070104','20070105','20070118',15343,10,21,11519),(554,'20070105','20070106','20070113',15323,34,34,11518),(556,'20070107','20070108','20070118',15340,16,26,11512),(557,'20070108','20070108','20070117',15321,18,18,11513),(558,'20070109','20070110','20070114',15324,38,38,11511),(559,'20070110','20070110','20070118',15328,39,39,11518),(560,'20070111','20070112','20070116',15326,40,40,11511),(561,'20070112','20070112','20070203',15367,1,22,11515),(562,'20070113','20070113','20070122',15316,23,23,11516),(563,'20070114','20070114','20070124',15369,3,13,11511),(564,'20070115','20070118','20070120',15343,21,11,11519),(565,'20070116','20070116','20070123',15361,5,10,11511),(566,'20070117','20070118','20070118',15340,26,27,11517),(567,'20070118','20070118','20070120',15340,27,29,11512),(568,'20070119','20070119','20070128',15346,11,11,11516),(569,'20070120','20070120','20070210',15340,29,18,11512),(570,'20070121','20070122','20070213',15366,10,12,11515),(571,'20070122','20070123','20070126',15361,10,12,11519),(572,'20070123','20070126','20070127',15361,12,14,11514),(573,'20070124','20070124','20070212',15369,13,20,11515),(574,'20070125','20070126','20070128',15363,14,17,11514),(575,'20070126','20070127','20070202',15361,14,20,11519),(576,'20070127','20070127','20070218',15340,18,18,11512),(577,'20070128','20070128','20070219',15363,17,38,11515),(578,'20070129','20070129','20070205',15364,18,25,11515),(579,'20070130','20070130','20070209',15368,19,10,11518),(580,'20070131','20070131','20070207',15369,20,9,11514),(581,'20070201','20070202','20070204',15361,20,22,11517),(582,'20070202','20070203','20070207',15367,22,22,11511),(583,'20070203','20070204','20070204',15361,22,23,11517),(584,'20070204','20070204','20070206',15361,23,25,11510),(585,'20070205','20070205','20070214',15364,25,25,11513),(586,'20070206','20070206','20070210',15361,25,28,11512),(587,'20070207','20070207','20070211',15369,9,31,11513),(588,'20070208','20070209','20070217',15368,10,10,11516),(589,'20070209','20070210','20070212',15361,28,31,11512),(590,'20070210','20070213','20070219',15366,12,12,11513),(591,'20070211','20070211','20070215',15369,31,34,11514),(592,'20070212','20070212','20070213',15361,31,33,11517),(593,'20070213','20070213','20070221',15361,33,33,11518),(594,'20070214','20070215','20070219',15369,34,34,11515),(595,'20070215','20070215','20070220',15360,35,35,11511),(596,'20070216','20070216','20070317',15362,17,17,11512),(597,'20070217','20070217','20070225',15365,37,37,11514),(598,'20070218','20070219','20070223',15363,38,38,11511),(599,'20070219','20070219','20070228',15357,21,21,11513),(600,'20070220','20070221','20070228',15400,40,40,11514);
/*!40000 ALTER TABLE `search_order` ENABLE KEYS */;
UNLOCK TABLES;

--
-- Table structure for table `search_store`
--

DROP TABLE IF EXISTS `search_store`;
/*!40101 SET @saved_cs_client     = @@character_set_client */;
 SET character_set_client = utf8mb4 ;
CREATE TABLE `search_store` (
  `storeid` int(11) NOT NULL AUTO_INCREMENT,
  `name` varchar(255) DEFAULT NULL,
  `address` varchar(255) DEFAULT NULL,
  `phone` varchar(20) DEFAULT NULL,
  `city` varchar(255) DEFAULT NULL,
  `state` varchar(100) DEFAULT NULL,
  PRIMARY KEY (`storeid`)
) ENGINE=InnoDB AUTO_INCREMENT=41 DEFAULT CHARSET=utf8mb4 COLLATE=utf8mb4_0900_ai_ci;
/*!40101 SET character_set_client = @saved_cs_client */;

--
-- Dumping data for table `search_store`
--

LOCK TABLES `search_store` WRITE;
/*!40000 ALTER TABLE `search_store` DISABLE KEYS */;
INSERT INTO `search_store` VALUES (1,'Alexandria_stroe','3761 N. 14th St','1 (11) 543 535-0162','Alexandria                    ','New South Wales'),(2,'Coffs Harbour_store','2243 W St.','1 (11) 543 535-0110','Coffs Harbour                 ','New South Wales'),(3,'Darlinghurst_store','5844 Linden Land','1 (11) 543 535-0184','Darlinghurst                  ','New South Wales'),(4,'Goulburn_store','1825 Village Pl.','1 (11) 543 535-0162','Goulburn                      ','New South Wales'),(5,'Lane Cove_store','7553 Harness Circle','1 (11) 543 535-0131','Lane Cove                     ','New South Wales'),(6,'Lavender Bay_store','7305 Humphrey Drive','1 (11) 543 535-0151','Lavender Bay                  ','New South Wales'),(7,'Malabar_store','2612 Berry Dr','1 (11) 543 535-0184','Malabar                       ','New South Wales'),(8,'Matraville_store','942 Brook Street','1 (11) 543 535-0126','Matraville                    ','New South Wales'),(9,'Milsons Point_store','624 Peabody Road','1 (11) 543 535-0164','Milsons Point                 ','New South Wales'),(10,'Newcastle_store','3839 Northgate Road','1 (11) 543 535-0110','Newcastle                     ','New South Wales'),(11,'North Ryde_store','7800 Corrinne Court','1 (11) 543 535-0169','North Ryde                    ','New South Wales'),(12,'North Sydney_store','1224 Shoenic','1 (11) 543 535-0117','North Sydney                  ','New South Wales'),(13,'Port Macquarie_store','4785 Scott Street','717-535-0164','Port Macquarie                ','New South Wales'),(14,'Rhodes_store','7902 Hudson Ave.','817-535-0185','Rhodes                        ','New South Wales'),(15,'Silverwater_store','9011 Tank Drive','431-535-0156','Silverwater                   ','New South Wales'),(16,'Springwood_store','244 Willow Pass Road','208-535-0142','Springwood                    ','New South Wales'),(17,'St. Leonards_store','9666 Northridge Ct.','135-535-0171','St. Leonards                  ','New South Wales'),(18,'Sydney_store','7330 Saddlehill Lane','1 (11) 543 535-0195','Sydney                        ','New South Wales'),(19,'Wollongong_store','244 Rivewview','1 (11) 543 535-0137','Wollongong                    ','New South Wales'),(20,'Brisbane_store','7832 Landing Dr','262-535-0112','Brisbane                      ','Queensland'),(21,'Caloundra_store','7156 Rose Dr.','550-535-0163','Caloundra                     ','Queensland'),(22,'East Brisbane_store','8148 W. Lake Dr.','622-535-0158','East Brisbane                 ','Queensland'),(23,'Gold Coast_store','1769 Nicholas Drive','589-535-0185','Gold Coast                    ','Queensland'),(24,'Hawthorne_store','4499 Valley Crest','452-535-0188','Hawthorne                     ','Queensland'),(25,'Hervey Bay_store','8734 Oxford Place','746-535-0186','Hervey Bay                    ','Queensland'),(26,'Rockhampton_store','2596 Franklin Canyon Road','1 (11) 543 535-0178','Rockhampton                   ','Queensland'),(27,'Townsville_store','8211 Leeds Ct.','1 (11) 543 535-0131','Townsville                    ','Queensland'),(28,'Cloverdale_store','213 Valencia Place','1 (11) 543 535-0184','Cloverdale                    ','South Australia'),(29,'Findon_store','9111 Rose Ann Ave','1 (11) 543 535-0116','Findon                        ','South Australia'),(30,'Perth_store','6385 Mark Twain','1 (11) 543 535-0146','Perth                         ','South Australia'),(31,'Hobart_store','636 Vine Hill Way','1 (11) 543 535-0182','Hobart                        ','Tasmania'),(32,'Bendigo_store','6465 Detroit Ave.','1 (11) 543 535-0195','Bendigo                       ','Victoria'),(33,'Cranbourne_store','626 Bentley Street','1 (11) 543 535-0169','Cranbourne                    ','Victoria'),(34,'Geelong_store','5927 Rainbow Dr','1 (11) 543 535-0137','Geelong                       ','Victoria'),(35,'Melbourne_store','5167 Condor Place','1 (11) 543 535-0136','Melbourne                     ','Victoria'),(36,'Melton_store','1873 Mt. Whitney Dr','1 (11) 543 535-0177','Melton                        ','Victoria'),(37,'Seaford_store','3981 Augustine Drive','115-535-0183','Seaford                       ','Victoria'),(38,'South Melbourne_store','8915 Woodside Way','229-535-0112','South Melbourne               ','Victoria'),(39,'Sunbury_store','8357 Sandy Cove Lane','1 (11) 543 535-0114','Sunbury                       ','Victoria'),(40,'Warrnambool_store','9353 Creekside Dr.','1 (11) 543 535-0183','Warrnambool                   ','Victoria');
/*!40000 ALTER TABLE `search_store` ENABLE KEYS */;
UNLOCK TABLES;

--
-- Table structure for table `search_user`
--

DROP TABLE IF EXISTS `search_user`;
/*!40101 SET @saved_cs_client     = @@character_set_client */;
 SET character_set_client = utf8mb4 ;
CREATE TABLE `search_user` (
  `userid` int(11) NOT NULL AUTO_INCREMENT,
  `name` varchar(255) DEFAULT NULL,
  `phone` varchar(25) DEFAULT NULL,
  `address` varchar(255) DEFAULT NULL,
  `birthday` varchar(20) DEFAULT NULL,
  `occupation` varchar(255) DEFAULT NULL,
  `gender` varchar(1) DEFAULT NULL,
  `username` varchar(255) DEFAULT NULL,
  `password` varchar(255) DEFAULT NULL,
  `authenticationLevel` int(11) DEFAULT NULL,
  PRIMARY KEY (`userid`)
) ENGINE=InnoDB AUTO_INCREMENT=11561 DEFAULT CHARSET=utf8mb4 COLLATE=utf8mb4_0900_ai_ci;
/*!40101 SET character_set_client = @saved_cs_client */;

--
-- Dumping data for table `search_user`
--

LOCK TABLES `search_user` WRITE;
/*!40000 ALTER TABLE `search_user` DISABLE KEYS */;
INSERT INTO `search_user` VALUES (11010,'Jacquelyn S','1 (11) 543 535-016*','800 Corrinne Court','16/02/1968','Labour','M','','',0),(11011,'Curtis L','1 (11) 543 535-011*','224 Shoenic','14/11/1967','Labour','M','','',0),(11012,'Lauren W','717-535-016*','785 Scott Street','07/01/1972','Labour','F','','',0),(11013,'Ian J','817-535-018*','902 Hudson Ave','16/08/1972','Labour','M','','',0),(11014,'Sydney B','431-535-015*','7011 Tank Drive','08/05/1972','Labour','M','','',0),(11015,'Chloe Y','208-535-014*','44 Willow Pass Road','27/02/1983','Labour','F','','',0),(11016,'Wyatt H','135-535-017*','666 Northridge Ct','07/04/1983','Labour','M','','',0),(11017,'Shannon W','1 (11) 543 535-019*','330 Saddlehill Lane','26/06/1948','Labour','M','','',0),(11018,'Clarence R','1 (11) 543 535-013*','44 Rivewview','19/10/1948','Labour','F','','',0),(11019,'Luke L','262-535-011*','832 Landing Dr','17/03/1982','Labour','M','','',0),(11050,'Alan Z','1 (11) 543 535-013*','741 Gainborough Dr','17/09/1955','Labour','F','','',0),(11051,'Daniel J','1 (11) 543 535-015*','85 Sunnyvale Avenue','14/08/1955','Labour','F','','',0),(11052,'Heidi L','1 (11) 543 535-016*','514 Via Cordona','17/08/1955','Labour','F','','',0),(11053,'Ana P','859-535-011*','660 Stonyhill Circle','20/08/1984','Labour','M','','',0),(11054,'Deanna M','1 (11) 543 535-019*','825 B Way','20/03/1956','Labour','M','','',0),(11055,'Gilbert R','1 (11) 543 535-012*','811 The Trees Dr','15/03/1956','Labour','F','','',0),(11056,'Michele N','1 (11) 543 535-017*','464 Janin Pl','13/04/1957','Labour','M','','',0),(11057,'Carl A','1 (11) 543 535-018*','930 Lake Nadine Place','22/10/1957','Labour','F','','',0),(11058,'Marc D','1 (11) 543 535-014*','645 Sinaloa','27/04/1958','Labour','F','','',0),(11059,'Ashlee A','1 (11) 543 535-011*','255 Highland Road','11/04/1958','Labour','F','','',0),(11111,'Meredith G','1 (11) 543 535-017*','610 Northridge Ct','23/02/1966','Labour','M','','',0),(11112,'Crystal W','1 (11) 543 535-013*','773 Kirkwood Dr','19/09/1966','Labour','F','','',0),(11113,'Micheal B','1 (11) 543 535-013*','96 Marfargoa Drive','21/02/1966','Labour','M','','',0),(11114,'Leslie M','1 (11) 543 535-011*','941 Cristobal','07/05/1966','Labour','M','','',0),(11115,'Alvin C','1 (11) 543 535-019*','759 Azalea Avenue','22/02/1966','Labour','M','','',0),(11116,'Clinton C','1 (11) 543 535-018*','943 Cunha Ct','17/10/1966','Labour','M','','',0),(11117,'April D','1 (11) 543 535-018*','85 Ash Lane','21/02/1965','Labour','F','','',0),(11119,'Evan J','1 (11) 543 535-018*','157 Sierra Ridge','20/04/1939','Retiree','F','','',0),(11150,'Russell S','1 (11) 543 535-019*','755 Easley Drive','25/03/1945','Retiree','F','','',0),(11151,'Melinda G','1 (11) 543 535-011*','05 Rainier Dr','25/02/1946','Labour','F','','',0),(11152,'James W','355-535-015*','827 Seagull Court','20/01/1980','Labour','F','','',0),(11153,'Angela J','847-535-011*','877 Weatherly Drive','23/06/1980','Labour','F','','',0),(11154,'Megan W','918-535-018*','898 Holiday Hills','21/08/1980','Labour','F','','',0),(11155,'Hunter R','891-535-012*','356 Mori Court','26/01/1980','Labour','F','','',0),(11156,'Maria R','158-535-019*','452 Mariposa Ct','17/02/1980','Labour','M','','',0),(11157,'Hannah L','974-535-017*','832 Preston Ct','21/06/1979','Labour','M','','',0),(11158,'Jason W','694-535-017*','771 Bundros Court','18/10/1979','Labour','F','','',0),(11159,'Brianna H','319-535-018*','793 Bonifacio St','27/09/1979','Labour','F','','',0),(11210,'Edward W','229-535-011*','039 Adelaide St','18/06/1952','Researcher','M','','',0),(11213,'Stephanie M','293-535-015*','514 Grant Street','24/05/1953','Researcher','M','','',0),(11214,'Charles M','389-535-011*','719 Little Dr','17/11/1953','Researcher','F','','',0),(11215,'Ana P','446-535-013*','114 Arlington Way','21/06/1954','Researcher','M','','',0),(11216,'Jasmine T','939-535-013*','328 San Francisco','20/05/1954','Researcher','F','','',0),(11217,'Natalie A','300-535-015*','592 Bent Tree Lane','21/02/1954','Researcher','F','','',0),(11218,'Olivia B','414-535-014*','964 Stony Hill Circle','21/09/1954','Researcher','M','','',0),(11219,'Charles C','755-535-011*','871 Bel Air Dr','12/12/1954','Researcher','F','','',0),(11250,'Shannon L','1 (11) 543 535-011*','185 Keywood Ct','22/03/1959','Manager','F','','',0),(11251,'Xavier L','243-535-011*','245 Dantley Way','14/07/1936','Retiree','M','','',0),(11252,'Nicholas T','377-535-014*','04 O St','17/06/1936','Retiree','M','','',0),(11253,'Jos H','712-535-013*','703 Donald Dr','07/02/1937','Retiree','M','','',0),(11254,'Johnathan V','494-535-016*','430 Versailles Pl','13/03/1937','Retiree','M','','',0),(11255,'Colin L','599-535-013*','083 San Jose','14/04/1937','Retiree','F','','',0),(11256,'Katelyn H','249-535-011*','496 Deerfield Dr','20/09/1937','Retiree','M','','',0),(11257,'Jacqueline P','796-535-011*','076 Northwood Dr','16/01/1937','Retiree','F','','',0),(11258,'Xavier H','559-535-014*','707 Virgil Street','07/06/1937','Retiree','F','','',0),(11259,'Victoria S','230-535-013*','623 Barquentine Court','27/03/1969','Manager','M','','',0),(11310,'Erin S','233-535-016*','541 Black Point Pl','19/07/1957','Manager','M','','',0),(11311,'Gabrielle L','783-535-017*','619 Parkside Dr','24/08/1957','Manager','F','','',0),(11312,'Sara R','296-535-017*','375 Kipling Court','13/04/1957','Manager','M','','',0),(11313,'Trevor J','120-535-012*','697 Yosemite Dr','27/02/1957','Manager','F','','',0),(11314,'Mya F','522-535-014*','439 Rio Grande Drive','21/12/1957','Manager','F','','',0),(11315,'Hailey W','767-535-015*','321 Maya','11/10/1957','Manager','F','','',0),(11316,'Luke A','786-535-013*','19 Deermeadow Way','27/11/1957','Manager','F','','',0),(11317,'Victoria R','663-535-019*','268 Keller Ridge','27/09/1956','Manager','M','','',0),(11318,'Jessica W','702-535-018*','652 Willcrest Circle','26/10/1956','Manager','M','','',0),(11319,'Jade B','819-535-016*','119 Northridge Ct','27/04/1941','Retiree','F','','',0),(11350,'Cara Z','1 (11) 543 535-011*','280 Greendell Pl','24/01/1941','Retiree','M','','',0),(11351,'Anne R','1 (11) 543 535-014*','113 Eastgate Ave','16/04/1943','Retiree','M','','',0),(11352,'Raymond R','1 (11) 543 535-013*','4, impasse Ste-Madeleine','17/03/1944','Retiree','F','','',0),(11353,'Carrie O','1 (11) 543 535-011*','883 Cowell Rd','21/06/1945','Retiree','M','','',0),(11354,'Deanna S','1 (11) 543 535-014*','','23/02/1946','Manager','M','','',0),(11355,'Roberto G','1 (11) 543 535-012*','545 Chickpea Ct','07/12/1946','Manager','M','','',0),(11356,'Terrence C','1 (11) 543 535-018*','613 Thornhill Place','27/05/1984','Manager','F','','',0),(11357,'Ramon Y','1 (11) 543 535-014*','245 Vista Oak Dr','23/03/1983','Manager','M','','',0),(11358,'Cynthia M','1 (11) 543 535-018*','757 Pamplona Ct','21/11/1982','Manager','F','','',0),(11359,'Jarrod P','1 (11) 543 535-015*','657 H St','14/09/1982','Manager','M','','',0),(11410,'Maurice G','1 (11) 543 535-017*','5, avenue de la Gare','25/08/1972','Manager','M','','',0),(11411,'Devin R','1 (11) 543 535-017*','','22/02/1958','Manager','M','','',0),(11412,'Sydney B','1 (11) 543 535-015*','','19/04/1958','Manager','M','','',0),(11413,'Megan S','1 (11) 543 535-011*','192 Seagull Court','25/04/1958','Manager','F','','',0),(11414,'Ian R','1 (11) 543 535-011*','26 W. Buchanan Rd','07/03/1958','Manager','M','','',0),(11415,'Randy S','1 (11) 543 535-014*','','15/06/1948','Manager','M','','',0),(11416,'Katrina B','1 (11) 543 535-015*','205, rue Malar','29/03/1949','Manager','F','','',0),(11417,'Lacey Z','1 (11) 543 535-017*','','26/02/1949','Manager','F','','',0),(11418,'Rafael H','1 (11) 543 535-015*','','19/02/1949','Manager','M','','',0),(11419,'Kyle S','1 (11) 543 535-017*','381 Alpine Rd','07/02/1949','Manager','M','','',0),(11459,'Tasha D','1 (11) 543 535-017*','627 Kendall Rd','23/10/1976','Nurse','M','','',0),(11510,'Seth R','199-535-014*','989 Concord Ave','23/07/1957','Nurse','M','','',0),(11511,'Caleb P','786-535-013*','324 Cherry Street','24/06/1957','Nurse','F','','',0),(11512,'Natalie C','178-535-014*','481 Broadmoor Drive','23/08/1958','Nurse','M','','',0),(11513,'Alyssa H','805-535-018*','780 Conifer Terrace','27/09/1958','Nurse','M','','',0),(11514,'Dalton D','994-535-015*','033 Danesta Dr','20/04/1958','Nurse','F','','',0),(11515,'Shannon H','458-535-011*','679 Duke Way','25/02/1958','Nurse','F','','',0),(11516,'Mya G','211-535-011*','826 Fine Drive','21/10/1958','Nurse','F','','',0),(11517,'Katherine B','802-535-013*','761 Dancing Court','20/06/1958','Nurse','F','','',0),(11518,'Edward W','446-535-017*','747 Carmel Dr','20/05/1959','Nurse','F','','',0),(11519,'Jerome N','934-535-019*','537 Ridgewood Drive','27/03/1959','Nurse','M','','',0),(11535,'Alexandria H','1 (11) 543 535-018*','1, rue de la Cavalerie','18/07/1930','Retiree','M','','',0),(11550,'Deb T','1 (11) 543 535-012*','553 Harness Circle','18/08/1972','Nurse','M','','',0),(11551,'Shannon A','1 (11) 543 535-015*','','25/05/1971','Nurse','F','','',0),(11552,'Eddie R','1 (11) 543 535-015*','','27/05/1971','Nurse','M','','',0),(11553,'Sharon L','1 (11) 543 535-011*','804 Coldwater Drive','19/09/1971','Nurse','F','','',0),(11554,'Sydney S','1 (11) 543 535-019*','','07/09/1930','Retiree','F','','',0),(11556,'Lucas E','1 (11) 543 535-015*','663 A St','24/05/1971','Nurse','M','','',0),(11557,'Felicia R','1 (11) 543 535-019*','557 Steven Circle','25/01/1971','Nurse','M','','',0),(11558,'Ivan M','1 (11) 543 535-019*','086 Nottingham Place','22/08/1971','Nurse','M','','',0),(11559,'Frederick S','1 (11) 543 535-011*','','26/12/1971','Nurse','M','','',0),(11560,'Luke D','0400404040','None','28/11/1111','None','M','admin@admin.com','password',1);
/*!40000 ALTER TABLE `search_user` ENABLE KEYS */;
UNLOCK TABLES;

--
-- Table structure for table `search_vehicle`
--

DROP TABLE IF EXISTS `search_vehicle`;
/*!40101 SET @saved_cs_client     = @@character_set_client */;
 SET character_set_client = utf8mb4 ;
CREATE TABLE `search_vehicle` (
  `carid` int(11) NOT NULL AUTO_INCREMENT,
  `carmake` varchar(255) DEFAULT NULL,
  `model` varchar(255) DEFAULT NULL,
  `series` varchar(255) DEFAULT NULL,
  `year` int(11) DEFAULT NULL,
  `price` int(11) DEFAULT NULL,
  `engineSize` varchar(20) DEFAULT NULL,
  `fuelSystem` varchar(255) DEFAULT NULL,
  `tankCapacity` varchar(60) DEFAULT NULL,
  `carPower` varchar(20) DEFAULT NULL,
  `seatingCapacity` int(11) DEFAULT NULL,
  `standardTransmission` varchar(20) DEFAULT NULL,
  `carBodyType` varchar(20) DEFAULT NULL,
  `carDriveType` varchar(20) DEFAULT NULL,
  `carWheelBase` varchar(10) DEFAULT NULL,
  `storeid` int(11) DEFAULT NULL,
  PRIMARY KEY (`carid`),
  KEY `Search_vehicle_storeid_f48d21a7_fk_Search_store_storeid` (`storeid`),
  CONSTRAINT `Search_vehicle_storeid_f48d21a7_fk_Search_store_storeid` FOREIGN KEY (`storeid`) REFERENCES `search_store` (`storeid`)
) ENGINE=InnoDB AUTO_INCREMENT=15401 DEFAULT CHARSET=utf8mb4 COLLATE=utf8mb4_0900_ai_ci;
/*!40101 SET character_set_client = @saved_cs_client */;

--
-- Dumping data for table `search_vehicle`
--

LOCK TABLES `search_vehicle` WRITE;
/*!40000 ALTER TABLE `search_vehicle` DISABLE KEYS */;
INSERT INTO `search_vehicle` VALUES (14806,'LAND ROVER','DISCOVERY 3','HSE',2006,83650,'2.7L','DIESEL TURBO F/INJ','82L','140Kw',7,'6A','4D WAGON','4WD','2885mm',16),(14810,'LAND ROVER','DISCOVERY','Tdi 4x4',1996,51800,'2.5L','DIESEL TURBO','88.5L','83Kw',5,'4A4x4','4D WAGON','4WD','2540mm',5),(14811,'LAND ROVER','FREELANDER','XEi 4x4',2000,34886,'1.8L','MULTI POINT F/INJ','59L','84Kw',5,'5M4x4','3D HARDBACK','4WD','2535mm',13),(14812,'LAND ROVER','DISCOVERY','ES V8 4x4',1999,66000,'4.0L','MULTI POINT F/INJ','95L','132Kw',7,'4A','4D WAGON','4WD','2540mm',25),(14813,'LAND ROVER','DISCOVERY','Tdi 4x4',1994,50430,'2.5L','DIESEL TURBO','88.5L','83Kw',5,'4A4x4','4D WAGON','4WD','2540mm',13),(14814,'LAND ROVER','DISCOVERY','SERIES II SE 4x4',2004,71450,'4.0L','MULTI POINT F/INJ','93L','136Kw',7,'4A','4D WAGON','4WD','2540mm',14),(14815,'LAND ROVER','(4x4)','SWB',1978,9045,'2.3L','DIESEL','45L','46Kw',8,'4M4x4','2D HARDTOP','4WD','2230mm',15),(14816,'LAND ROVER','DISCOVERY','SERIES II S 4x4',2003,55450,'4.0L','MULTI POINT F/INJ','93L','136Kw',7,'4A','4D WAGON','4WD','2540mm',29),(14818,'LAND ROVER','DISCOVERY','S 4x4',1998,39990,'2.5L','DIESEL TURBO','88.5L','83Kw',5,'5M4x4','4D WAGON','4WD','2540mm',18),(14819,'LAND ROVER','(4x4)','LWB',1972,5203,'2.3L','DIESEL','73L','46Kw',12,'4M4x4','2D HARDTOP','4WD','2768mm',14),(14831,'BMW','X5','E53 3.0d',2004,84500,'3.0L','TURBO CDI','93L','150Kw',5,'6A','4D WAGON','4WD','2820mm',24),(14832,'BMW','3','E46 18i EXECUTIVE',2002,56550,'2.0L','MULTI POINT F/INJ','63L','105Kw',5,'5AS','4D SEDAN','RWD','2725mm',21),(14833,'BMW','3','23i',1996,62550,'2.5L','MULTI POINT F/INJ','62L','125Kw',5,'5M','4D SEDAN','RWD','2700mm',15),(14834,'BMW','3','E46 30Ci',2001,109050,'3.0L','MULTI POINT F/INJ','63L','170Kw',5,'5AS','2D CONVERTIBLE','RWD','2725mm',21),(14835,'BMW','7','35i EXECUTIVE',1987,136500,'3.4L','ELECTRONIC F/INJ','90L','155Kw',5,'4A','4D SEDAN','RWD','2833mm',35),(14836,'BMW','5','E60 25i',2005,89000,'2.5L','MULTI POINT F/INJ','70L','141Kw',5,'6AS','4D SEDAN','RWD','2888mm',23),(14837,'BMW','3','E91 23i TOURING',2006,71500,'2.5L','MULTI POINT F/INJ','60L','130Kw',5,'6AS','4D WAGON','RWD','2760mm',37),(14838,'BMW','5','E34 25i EXECUTIVE',1996,98200,'2.5L','ELECTRONIC F/INJ','80L','141Kw',5,'5A','4D SEDAN','RWD','2761mm',25),(14839,'BMW','3','E36 16i OPEN AIR',1995,46200,'1.6L','MULTI POINT F/INJ','52L','75Kw',5,'5M','3D HATCHBACK','RWD','2700mm',9),(14842,'BMW','3','E90 20i EXECUTIVE',2005,57200,'2.0L','MULTI POINT F/INJ','65L','110Kw',5,'6AS','4D SEDAN','RWD','2760mm',1),(14843,'BMW','3','E46 30i',2001,90700,'3.0L','MULTI POINT F/INJ','63L','170Kw',5,'5AS','4D SEDAN','RWD','2725mm',19),(14846,'BMW','X5','E53 3.0i',2004,84000,'3.0L','MULTI POINT F/INJ','93L','170Kw',5,'5AS','4D WAGON','4WD','2820mm',10),(14847,'BMW','3','18is',1998,56600,'1.9L','MULTI POINT F/INJ','65L','103Kw',5,'4A','4D SEDAN','RWD','2700mm',21),(14850,'BMW','7','35i',1984,59500,'3.2L','ELECTRONIC F/INJ','100L','145Kw',5,'4A','4D SEDAN','RWD','2795mm',5),(14851,'BMW','3','E46 20i SPORT',2005,65300,'2.2L','MULTI POINT F/INJ','63L','125Kw',5,'5AS','4D SEDAN','RWD','2725mm',22),(14852,'BMW','3','E46 16ti',2002,43869,'1.8L','MULTI POINT F/INJ','63L','85Kw',5,'5AS','3D HATCHBACK','RWD','2725mm',17),(14853,'BMW','1','E87 20i',2005,44100,'2.0L','MULTI POINT F/INJ','50L','110Kw',5,'6A','5D HATCHBACK','RWD','2660mm',9),(14854,'BMW','3','20i',1989,54700,'2.0L','ELECTRONIC F/INJ','65L','95Kw',5,'5M','4D SEDAN','RWD','2570mm',14),(14855,'BMW','3','E46 20Ci',2001,67050,'2.2L','MULTI POINT F/INJ','63L','125Kw',5,'5AS','2D COUPE','RWD','2725mm',13),(14856,'BMW','3','25i',1988,74500,'2.5L','ELECTRONIC F/INJ','55L','125Kw',5,'4A','4D SEDAN','RWD','2570mm',14),(14857,'BMW','3','E46 18i SPORT',2005,54500,'2.0L','MULTI POINT F/INJ','63L','105Kw',5,'5M','4D SEDAN','RWD','2725mm',13),(14858,'BMW','3','E36 28i',1996,83330,'2.8L','MULTI POINT F/INJ','65L','142Kw',5,'5A','4D SEDAN','RWD','2700mm',18),(14859,'BMW','5','28i',1997,96500,'2.8L','MULTI POINT F/INJ','70L','142Kw',5,'5AS','4D SEDAN','RWD','2830mm',9),(14860,'BMW','3','18i',1997,51320,'1.8L','ELECTRONIC F/INJ','65L','85Kw',5,'4A','4D SEDAN','RWD','2700mm',11),(14861,'BMW','3','18is',1997,55100,'1.9L','MULTI POINT F/INJ','65L','103Kw',5,'5M','4D SEDAN','RWD','2700mm',21),(14862,'BMW','3','E46 18i EXECUTIVE',2001,53950,'2.0L','MULTI POINT F/INJ','63L','105Kw',5,'5M','4D SEDAN','RWD','2725mm',22),(14863,'BMW','X5','E53 3.0i',2001,82350,'3.0L','MULTI POINT F/INJ','93L','170Kw',5,'5AS','4D WAGON','4WD','2820mm',23),(14864,'BMW','1','E87 20d',2006,47800,'2.0L','DIESEL TURBO F/INJ','51L','115Kw',5,'6A','5D HATCHBACK','RWD','2660mm',17),(14865,'BMW','3','E46 18i EXECUTIVE',2000,52070,'1.9L','MULTI POINT F/INJ','63L','87Kw',5,'5M','4D SEDAN','RWD','2725mm',25),(14866,'BMW','X5','E53 3.0i',2006,84000,'3.0L','MULTI POINT F/INJ','93L','170Kw',5,'5AS','4D WAGON','4WD','2820mm',26),(14867,'BMW','3','18i',1995,49650,'1.8L','ELECTRONIC F/INJ','65L','85Kw',5,'5M','4D SEDAN','RWD','2700mm',27),(14870,'BMW','3','23Ci',1999,73900,'2.5L','MULTI POINT F/INJ','63L','125Kw',5,'5M','2D COUPE','RWD','2725mm',30),(14871,'BMW','X5','E53 MY06 UPGRADE 3.0d',2006,86800,'3.0L','TURBO CDI','93L','150Kw',5,'6A','4D WAGON','4WD','2820mm',31),(14872,'BMW','3','E46 18i',1999,54370,'1.9L','MULTI POINT F/INJ','63L','87Kw',5,'5M','4D SEDAN','RWD','2725mm',26),(14873,'BMW','3','18is',1996,57110,'1.8L','ELECTRONIC F/INJ','65L','103Kw',5,'4A','2D COUPE','RWD','2700mm',23),(14874,'BMW','3','E46 16ti',2004,41750,'1.8L','MULTI POINT F/INJ','63L','85Kw',5,'5M','3D HATCHBACK','RWD','2725mm',24),(14875,'BMW','3','18i',1989,36950,'1.8L','ELECTRONIC F/INJ','55L','83Kw',5,'5M','2D SEDAN','RWD','2570mm',28),(14876,'BMW','3','18i',1994,46500,'1.8L','ELECTRONIC F/INJ','65L','85Kw',5,'5M','4D SEDAN','RWD','2700mm',26),(14877,'BMW','3','E90 20i',2006,53400,'2.0L','MULTI POINT F/INJ','65L','110Kw',5,'6AS','4D SEDAN','RWD','2760mm',37),(14878,'BMW','5','E39 23i',1996,83600,'2.5L','MULTI POINT F/INJ','70L','125Kw',5,'5AS','4D SEDAN','RWD','2830mm',13),(14879,'BMW','5','E39 30i SPORT',2002,101400,'3.0L','MULTI POINT F/INJ','70L','170Kw',5,'5AS','4D SEDAN','RWD','2830mm',14),(14880,'BMW','5','20i',1991,69100,'2.0L','ELECTRONIC F/INJ','80L','110Kw',5,'5A','4D SEDAN','RWD','2761mm',15),(14881,'BMW','3','18i',1991,44300,'1.8L','ELECTRONIC F/INJ','65L','85Kw',5,'4A','4D SEDAN','RWD','2700mm',13),(14882,'BMW','3','E46 18i',2000,48315,'1.9L','MULTI POINT F/INJ','63L','87Kw',5,'5M','4D SEDAN','RWD','2725mm',12),(14883,'BMW','3','18i',1986,38600,'1.8L','ELECTRONIC F/INJ','58L','77Kw',5,'5M','4D SEDAN','RWD','2570mm',3),(14884,'BMW','3','E36 18is SPORT',1998,58950,'1.9L','MULTI POINT F/INJ','62L','103Kw',5,'5M','2D COUPE','RWD','2700mm',4),(14885,'BMW','7','35iL EXECUTIVE',1988,145900,'3.4L','ELECTRONIC F/INJ','95L','155Kw',5,'4A','4D SEDAN','RWD','2945mm',20),(14887,'BMW','5','25i',1991,80200,'2.5L','ELECTRONIC F/INJ','80L','141Kw',5,'5M','4D SEDAN','RWD','2761mm',7),(14888,'BMW','3','E46 25Ci',2002,75000,'2.5L','MULTI POINT F/INJ','63L','141Kw',5,'5AS','2D COUPE','RWD','2725mm',23),(14889,'BMW','3','E46 16ti',2005,40350,'1.8L','MULTI POINT F/INJ','63L','85Kw',5,'5M','3D HATCHBACK','RWD','2725mm',21),(14890,'BMW','X5','E53 3.0d',2005,84300,'3.0L','TURBO CDI','93L','150Kw',5,'6A','4D WAGON','4WD','2820mm',20),(14891,'DATSUN','FAIRLADY','SPORTS',1964,2530,'1.5L','CARB','43L','63Kw',0,'4M','2D ROADSTER','RWD','2280mm',10),(14895,'DATSUN','180B','SSS',1977,6012,'1.8L','CARB','55L','82Kw',5,'5M','2D HARDTOP','RWD','2500mm',25),(14896,'MAZDA','121','METRO SHADES',2001,19050,'1.5L','ELECTRONIC F/INJ','43L','64Kw',5,'5M','5D HATCHBACK','FWD','2390mm',26),(14897,'MAZDA','121','SHADES',1997,14200,'1.3L','SINGLE POINT F/INJ','40L','54Kw',5,'5M','4D SEDAN','FWD','2390mm',14),(14899,'MAZDA','121','METRO SHADES',2002,19240,'1.5L','ELECTRONIC F/INJ','43L','64Kw',5,'5M','5D HATCHBACK','FWD','2390mm',14),(14900,'MAZDA','121','DELUXE',1987,12250,'1.3L','CARB','38L','46Kw',5,'5M','3D HATCHBACK','FWD','2295mm',20),(14901,'MAZDA','121','METRO SHADES',1999,19590,'1.5L','ELECTRONIC F/INJ','40L','64Kw',5,'4A','5D HATCHBACK','FWD','2390mm',21),(14902,'VOLKSWAGEN','TRANSPORTER','T5 MY08 CREWVAN SWB',2008,42990,'2.5L','DIESEL TURBO F/INJ','80L','96Kw',5,'6ATip','VAN','FWD','3000mm',22),(14903,'VOLKSWAGEN','JETTA','1KM 2.0 TDI',2006,35490,'2.0L','DIESEL TURBO F/INJ','55L','103Kw',5,'6M','4D SEDAN','FWD','2578mm',39),(14904,'VOLKSWAGEN','TRANSPORTER','T5 SWB',2005,43400,'2.5L','DIESEL TURBO F/INJ','80L','96Kw',2,'6ATip','VAN','FWD','3000mm',24),(14905,'VOLKSWAGEN','POLO','9N MY07 UPGRADE CLUB',2007,16990,'1.4L','MULTI POINT F/INJ','45L','59Kw',5,'5M','3D HATCHBACK','FWD','2465mm',25),(14906,'VOLKSWAGEN','JETTA','1KM 2.0 TURBO FSI',2006,39990,'2.0L','TURBO MPFI','55L','147Kw',5,'6ADSG','4D SEDAN','FWD','2578mm',31),(14907,'VOLKSWAGEN','MULTIVAN','T5 HIGHLINE',2006,72990,'2.5L','DIESEL TURBO F/INJ','80L','128Kw',7,'6ATip','4D VAN','FWD','3000mm',27),(14908,'VOLKSWAGEN','JETTA','1KM 2.0 TURBO FSI',2007,39990,'2.0L','TURBO MPFI','55L','147Kw',5,'6ADSG','4D SEDAN','FWD','2578mm',20),(14909,'VOLKSWAGEN','GOLF','1K GTi',2007,39990,'2.0L','TURBO MPFI','55L','147Kw',5,'6M','5D HATCHBACK','FWD','2578mm',15),(14910,'VOLKSWAGEN','GOLF','GL',2001,25990,'1.6L','MULTI POINT F/INJ','55L','74Kw',5,'5M','5D HATCHBACK','FWD','2511mm',25),(14911,'VOLKSWAGEN','GOLF','1K 1.9 TDI COMFORTLINE',2005,32290,'1.9L','DIESEL TURBO F/INJ','55L','77Kw',5,'6ADSG','5D HATCHBACK','FWD','2578mm',21),(14912,'VOLKSWAGEN','JETTA','1KM 2.0 FSI',2007,35290,'2.0L','MULTI POINT F/INJ','55L','110Kw',5,'6ATip','4D SEDAN','FWD','2578mm',10),(14914,'VOLKSWAGEN','GOLF','1K GT',2007,37290,'1.4L','S/C & T/C MPFI','55L','125Kw',5,'6ADSG','5D HATCHBACK','FWD','2578mm',26),(14915,'VOLKSWAGEN','GOLF','GL',1995,30490,'2.0L','MULTI POINT F/INJ','55L','85Kw',5,'5M','5D HATCHBACK','FWD','2475mm',35),(14920,'VOLKSWAGEN','JETTA','1KM 2.0 TDI',2007,37990,'2.0L','DIESEL TURBO F/INJ','55L','103Kw',5,'6ADSG','4D SEDAN','FWD','2578mm',36),(14921,'VOLKSWAGEN','GOLF','1K 2.0 FSI COMFORTLINE',2005,32290,'2.0L','ELECTRONIC F/INJ','55L','110Kw',5,'6ATip','5D HATCHBACK','FWD','2578mm',1),(14922,'VOLKSWAGEN','GOLF','1K 2.0 TDI COMFORTLINE',2007,32490,'2.0L','DIESEL TURBO F/INJ','55L','103Kw',5,'6M','5D HATCHBACK','FWD','2578mm',2),(14923,'VOLKSWAGEN','PASSAT','3B 1.8T',2002,49800,'1.8L','TURBO MPFI','62L','110Kw',5,'5ATip','4D WAGON','FWD','2703mm',15),(14924,'VOLKSWAGEN','GOLF','1K 2.0 FSI SPORTLINE',2006,32990,'2.0L','ELECTRONIC F/INJ','55L','110Kw',5,'6M','5D HATCHBACK','FWD','2578mm',28),(14925,'VOLKSWAGEN','GOLF','GLE',1999,34990,'2.0L','MULTI POINT F/INJ','55L','85Kw',5,'5M','5D HATCHBACK','FWD','2511mm',5),(14926,'VOLKSWAGEN','GOLF','GL',1998,31980,'1.6L','MULTI POINT F/INJ','55L','74Kw',5,'4A','5D HATCHBACK','FWD','2511mm',20),(14927,'VOLKSWAGEN','MULTIVAN','T5 COMFORTLINE 4MOTION',2006,60990,'2.5L','DIESEL TURBO F/INJ','80L','128Kw',7,'6M','4D VAN','4WD','3000mm',24),(14928,'VOLKSWAGEN','POLO','9N S',2002,21800,'1.4L','MULTI POINT F/INJ','45L','55Kw',5,'5M','5D HATCHBACK','FWD','2460mm',8),(14929,'VOLKSWAGEN','TOUAREG','7L R5 TDi LUXURY',2006,78600,'2.5L','DIESEL TURBO F/INJ','100L','128Kw',5,'6ATip','4D WAGON','4WD','2855mm',25),(14930,'VOLKSWAGEN','CADDY','2K LIFE',2006,34990,'1.9L','DIESEL TURBO F/INJ','60L','77Kw',5,'6ADSG','4D WAGON','FWD','2682mm',10),(14940,'VOLKSWAGEN','GOLF','1K 2.0 TDI COMFORTLINE',2004,32490,'2.0L','DIESEL TURBO F/INJ','55L','103Kw',5,'6M','5D HATCHBACK','FWD','2578mm',20),(14941,'VOLKSWAGEN','BORA','1J 2.0',2001,36350,'2.0L','MULTI POINT F/INJ','55L','85Kw',5,'5M','4D SEDAN','FWD','2500mm',12),(14942,'VOLKSWAGEN','POLO','9N MY06 UPGRADE CLUB',2006,16990,'1.4L','MULTI POINT F/INJ','45L','55Kw',5,'5M','3D HATCHBACK','FWD','2465mm',18),(14943,'VOLKSWAGEN','CADDY','2K 1.9 TDi',2006,24990,'1.9L','DIESEL TURBO F/INJ','60L','77Kw',2,'5M','VAN','FWD','2682mm',25),(14944,'VOLKSWAGEN','POLO','9N',2003,19800,'1.4L','MULTI POINT F/INJ','45L','55Kw',5,'5M','3D HATCHBACK','FWD','2460mm',29),(14945,'VOLKSWAGEN','GOLF','1.6 GENERATION',2004,25990,'1.6L','MULTI POINT F/INJ','55L','75Kw',5,'5M','5D HATCHBACK','FWD','2511mm',25),(14946,'VOLKSWAGEN','POLO','9N MY07 UPGRADE GTi',2007,26990,'1.8L','TURBO MPFI','45L','110Kw',5,'5M','3D HATCHBACK','FWD','2466mm',26),(14947,'VOLKSWAGEN','GOLF','GL',1999,31190,'1.6L','MULTI POINT F/INJ','55L','74Kw',5,'4A','5D HATCHBACK','FWD','2511mm',12),(14948,'VOLKSWAGEN','GOLF','1K 2.0 TDI COMFORTLINE',2006,34790,'2.0L','DIESEL TURBO F/INJ','55L','103Kw',5,'6ADSG','5D HATCHBACK','FWD','2578mm',11),(14949,'VOLKSWAGEN','GOLF','GL',2000,25990,'1.6L','MULTI POINT F/INJ','55L','74Kw',5,'5M','5D HATCHBACK','FWD','2511mm',26),(14950,'VOLKSWAGEN','GOLF','1K 1.6 TRENDLINE',2005,25490,'1.6L','MULTI POINT F/INJ','55L','75Kw',5,'5M','5D HATCHBACK','FWD','2578mm',30),(14960,'VOLKSWAGEN','PASSAT','3C 2.0T FSI',2006,44990,'2.0L','TURBO MPFI','70L','147Kw',5,'6ATip','4D SEDAN','FWD','2709mm',15),(14961,'VOLKSWAGEN','TOUAREG','7L R5 TDi LUXURY',2005,78600,'2.5L','DIESEL TURBO F/INJ','100L','128Kw',5,'6ATip','4D WAGON','4WD','2855mm',22),(14962,'VOLKSWAGEN','PASSAT','3C 3.2 V6 FSI',2006,54990,'3.2L','MULTI POINT F/INJ','70L','184Kw',5,'6ADSG','4D SEDAN','AWD','2709mm',38),(14965,'VOLKSWAGEN','CARAVELLE','V6',2003,59990,'2.8L','MULTI POINT F/INJ','80L','150Kw',8,'4A','4D WAGON','FWD','2920mm',15),(14966,'VOLKSWAGEN','GOLF','2.0 GENERATION',2004,29490,'2.0L','MULTI POINT F/INJ','55L','85Kw',5,'4A','5D HATCHBACK','FWD','2511mm',21),(14967,'VOLKSWAGEN','POLO','OPEN AIR',1999,21490,'1.6L','MULTI POINT F/INJ','45L','55Kw',5,'5M','5D HATCHBACK','FWD','2400mm',28),(14969,'VOLKSWAGEN','1600','SUPER BUG L',1975,3798,'1.6L','CARB','42L','37Kw',4,'4M','2D SEDAN','RWD','2420mm',28),(14984,'ALFA ROMEO','GTV','2',1999,61990,'2.0L','MULTI POINT F/INJ','70L','114Kw',4,'5M','2D COUPE','FWD','2540mm',15),(14985,'ALFA ROMEO','156','V6 24V',2002,57500,'2.5L','MULTI POINT F/INJ','63L','140Kw',5,'6M','4D SEDAN','FWD','2595mm',12),(15000,'ALFA ROMEO','147','GTA MONZA',2005,59990,'3.2L','MULTI POINT F/INJ','63L','184Kw',5,'6M','3D HATCHBACK','FWD','2546mm',17),(15001,'ALFA ROMEO','156','2.0 SELESPEED TWIN SPARK',1999,49950,'2.0L','MULTI POINT F/INJ','63L','114Kw',5,'5MSel','4D SEDAN','FWD','2595mm',31),(15002,'ALFA ROMEO','147','2.0 TWIN SPARK',2003,39500,'2.0L','MULTI POINT F/INJ','60L','110Kw',5,'5M','5D HATCHBACK','FWD','2546mm',11),(15003,'MERCEDES-BENZ','SLK','R171 200K',2004,86900,'1.8L','SUPERCHARGED MPFI','70L','120Kw',2,'5ATS','2D CONVERTIBLE','RWD','2430mm',39),(15004,'MERCEDES-BENZ','ML','W163 270 CDI 4x4',2002,69474,'2.7L','TURBO CDI','83L','120Kw',5,'5ATS','4D WAGON','4WD','2820mm',14),(15005,'MERCEDES-BENZ','ML','W163 320 LUXURY 4x4',2002,77274,'3.2L','MULTI POINT F/INJ','83L','160Kw',5,'5ATS','4D WAGON','4WD','2820mm',10),(15006,'MERCEDES-BENZ','C180','W203 KOMPRESSOR AVANTGARDE',2002,61400,'1.8L','SUPERCHARGED MPFI','70L','105Kw',5,'5ATS','4D SEDAN','RWD','2715mm',31),(15007,'MERCEDES-BENZ','ML','320 LUXURY 4x4',2000,72900,'3.2L','MULTI POINT F/INJ','70L','160Kw',5,'5ATS','4D WAGON','4WD','2820mm',7),(15008,'MERCEDES-BENZ','SLK230','KOMPRESSOR',2000,95380,'2.3L','SUPERCHARGED MPFI','53L','142Kw',2,'5A','2D CONVERTIBLE','RWD','2400mm',38),(15009,'MERCEDES-BENZ','ML','W163 500 LUXURY 4x4',2004,99900,'5.0L','MULTI POINT F/INJ','83L','215Kw',5,'5ATS','4D WAGON','4WD','2820mm',35),(15010,'MERCEDES-BENZ','300','TE',1991,124500,'3.0L','ELECTRONIC F/INJ','70L','135Kw',7,'4A','4D WAGON','RWD','2800mm',10),(15011,'MERCEDES-BENZ','C200','W202 ELEGANCE',2000,64580,'2.0L','MULTI POINT F/INJ','62L','100Kw',5,'5A','4D SEDAN','RWD','2690mm',25),(15020,'MERCEDES-BENZ','280','W126 SE',1982,55979,'2.7L','ELECTRONIC F/INJ','90L','125Kw',5,'4A','4D SEDAN','RWD','2935mm',20),(15022,'MERCEDES-BENZ','ML','320 LUXURY 4x4',1999,73400,'3.2L','MULTI POINT F/INJ','70L','160Kw',5,'5ATS','4D WAGON','4WD','2820mm',22),(15023,'MERCEDES-BENZ','ML','W163 270 CDI LUXURY 4x4',2003,77274,'2.7L','TURBO CDI','83L','120Kw',5,'5ATS','4D WAGON','4WD','2820mm',23),(15024,'MERCEDES-BENZ','E280','W210 ELEGANCE',1999,112400,'2.8L','MULTI POINT F/INJ','80L','150Kw',5,'5ASeq','4D SEDAN','RWD','2833mm',29),(15025,'MERCEDES-BENZ','VITO','115CDI COMPACT CREW CAB',2005,48380,'2.1L','DIESEL TURBO F/INJ','75L','110Kw',5,'5A','5D VAN','RWD','3200mm',19),(15026,'MERCEDES-BENZ','180','E LIMITED EDITION',1993,47115,'1.8L','ELECTRONIC F/INJ','55L','82Kw',5,'4A','4D SEDAN','RWD','2665mm',15),(15027,'MERCEDES-BENZ','A160','AVANTGARDE',1999,41400,'1.6L','MULTI POINT F/INJ','54L','75Kw',5,'5MSeq','5D HATCHBACK','FWD','2423mm',27),(15028,'MERCEDES-BENZ','ML','270 CDI 4x4',2001,64900,'2.7L','TURBO CDI','70L','120Kw',5,'5ATS','4D WAGON','4WD','2820mm',28),(15029,'MERCEDES-BENZ','A170','W169 ELEGANCE',2006,42400,'1.7L','MULTI POINT F/INJ','54L','85Kw',5,'CVT7','5D HATCHBACK','FWD','2568mm',11),(15030,'MERCEDES-BENZ','300','W124 E',1986,79296,'3.0L','ELECTRONIC F/INJ','70L','135Kw',5,'4A','4D SEDAN','RWD','2800mm',19),(15040,'MERCEDES-BENZ','230','W124 E',1988,87100,'2.3L','ELECTRONIC F/INJ','70L','97Kw',5,'4A','4D SEDAN','RWD','2800mm',35),(15041,'MERCEDES-BENZ','180','E LIMITED EDITION',1992,45690,'1.8L','ELECTRONIC F/INJ','55L','82Kw',5,'4A','4D SEDAN','RWD','2665mm',26),(15042,'MERCEDES-BENZ','E55','211 MY06 UPGRADE AMG',2006,225600,'5.4L','SUPERCHARGED MPFI','80L','350Kw',5,'5ATSh','4D SEDAN','RWD','2854mm',31),(15043,'MERCEDES-BENZ','380','SEL',1982,68795,'3.8L','ELECTRONIC F/INJ','90L','145Kw',5,'4A','4D SEDAN','RWD','3075mm',17),(15044,'MERCEDES-BENZ','A190','W168 LWB ELEGANCE',2004,42900,'1.9L','MULTI POINT F/INJ','54L','92Kw',5,'5MSeq','5D HATCHBACK','FWD','2593mm',39),(15045,'MERCEDES-BENZ','180','E LIMITED EDITION',1994,47115,'1.8L','ELECTRONIC F/INJ','55L','82Kw',5,'4A','4D SEDAN','RWD','2665mm',24),(15046,'MERCEDES-BENZ','A190','W168 AVANTGARDE',2001,41230,'1.9L','MULTI POINT F/INJ','54L','92Kw',5,'5MSeq','5D HATCHBACK','FWD','2423mm',34),(15047,'MERCEDES-BENZ','CLK230','KOMP ELEGANCE',2000,111580,'2.3L','SUPERCHARGED MPFI','62L','142Kw',4,'5A','2D CABRIOLET','RWD','2690mm',32),(15048,'MERCEDES-BENZ','A190','W168 AVANTGARDE',2000,41230,'1.9L','MULTI POINT F/INJ','54L','92Kw',5,'5MSeq','5D HATCHBACK','FWD','2423mm',8),(15049,'MERCEDES-BENZ','ML','W163 500 LUXURY 4x4',2001,98500,'5.0L','MULTI POINT F/INJ','83L','215Kw',5,'5ATS','4D WAGON','4WD','2820mm',27),(15050,'MERCEDES-BENZ','E500','211 AVANTGARDE',2002,153900,'5.0L','MULTI POINT F/INJ','89L','225Kw',5,'5ATSh','4D SEDAN','RWD','2854mm',11),(15063,'RENAULT','CLIO','SPORT',2002,33990,'2.0L','MULTI POINT F/INJ','50L','124Kw',5,'5M','3D HATCHBACK','FWD','2472mm',31),(15066,'RENAULT','CLIO','CAMPUS',2006,18990,'1.4L','MULTI POINT F/INJ','50L','72Kw',5,'5M','5D HATCHBACK','FWD','2472mm',22),(15068,'RENAULT','SCENIC','PRIVILEGE',2003,37990,'2.0L','MULTI POINT F/INJ','60L','101Kw',5,'4A','5D WAGON','FWD','2580mm',17),(15080,'RENAULT','19','RT',1995,26790,'1.7L','MULTI POINT F/INJ','55L','68Kw',5,'5M','5D HATCHBACK','FWD','2540mm',14),(15081,'RENAULT','MEGANE','PRIVILEGE',2004,35990,'2.0L','MULTI POINT F/INJ','60L','98Kw',5,'4A','4D SEDAN','FWD','2686mm',17),(15082,'RENAULT','MEGANE','EXPRESSION',2002,41490,'1.6L','MULTI POINT F/INJ','60L','79Kw',4,'5M','2D CABRIOLET','FWD','2461mm',37),(15083,'VOLVO','S60','05 UPGRADE 2.4 20V SE',2006,56950,'2.4L','MULTI POINT F/INJ','70L','125Kw',5,'5A','4D SEDAN','FWD','2715mm',39),(15084,'VOLVO','V50','MY08 D5',2008,47950,'2.4L','DIESEL TURBO F/INJ','60L','132Kw',5,'5AG','4D WAGON','FWD','2640mm',11),(15085,'VOLVO','7','40 TURBO',1989,65900,'2.3L','TURBO EFI','82L','119Kw',5,'4A','4D SEDAN','RWD','2770mm',12),(15087,'VOLVO','8','50 GLE',1992,45690,'2.4L','ELECTRONIC F/INJ','73L','103Kw',5,'4A','4D SEDAN','FWD','2665mm',2),(15088,'VOLVO','XC70','05 UPGRADE II LIFESTYLE EDITION LE',2005,64450,'2.5L','TURBO MPFI','70L','154Kw',5,'5AG','4D WAGON','AWD','2761mm',12),(15089,'VOLVO','V50','MY07 2.4 LE',2007,47950,'2.4L','MULTI POINT F/INJ','62L','125Kw',5,'5AG','4D WAGON','FWD','2640mm',35),(15100,'VOLVO','S40','MY2003 2.0 SE',2003,47950,'1.9L','MULTI POINT F/INJ','60L','100Kw',5,'5A','4D SEDAN','FWD','2562mm',20),(15101,'VOLVO','S40','MY2001 2.0 SE',2001,47950,'1.9L','MULTI POINT F/INJ','60L','100Kw',5,'5A','4D SEDAN','FWD','2562mm',33),(15102,'VOLVO','8','50 GLE',1994,47950,'2.4L','ELECTRONIC F/INJ','73L','103Kw',5,'4A','4D SEDAN','FWD','2665mm',10),(15103,'VOLVO','S80','T6 SE',2001,98950,'2.8L','TWIN TURBO MPFI','80L','200Kw',5,'4AG','4D SEDAN','RWD','2791mm',19),(15104,'VOLVO','8','50 SE',1997,59950,'2.4L','MULTI POINT F/INJ','73L','125Kw',5,'4A','5D WAGON','FWD','2665mm',12),(15105,'VOLVO','V40','2',1997,45950,'1.9L','MULTI POINT F/INJ','60L','103Kw',5,'4A','5D WAGON','FWD','2550mm',25),(15106,'VOLVO','S40','2',1997,44950,'1.9L','MULTI POINT F/INJ','60L','103Kw',5,'4A','4D SEDAN','FWD','2550mm',26),(15107,'VOLVO','XC90','MY06 LIFESTYLE EDITION LE',2006,69950,'2.5L','TURBO MPFI','72L','154Kw',7,'5AG','4D WAGON','AWD','2857mm',27),(15108,'VOLVO','S40','T4',1998,53450,'1.9L','TURBO MPFI','60L','147Kw',5,'5M','4D SEDAN','FWD','2550mm',25),(15109,'VOLVO','4','40 GLT',1994,40950,'2.0L','ELECTRONIC F/INJ','60L','80Kw',5,'4A','4D HATCHBACK','FWD','2503mm',29),(15110,'VOLVO','2','44 GL',1979,11220,'2.1L','FUEL INJECTED','60L','91Kw',5,'3A','4D SEDAN','RWD','2640mm',24),(15119,'VOLVO','4','40 GLT',1996,45500,'2.0L','ELECTRONIC F/INJ','60L','80Kw',5,'4A','4D HATCHBACK','FWD','2503mm',16),(15121,'VOLVO','S40','MY06 T5 AWD',2006,54950,'2.5L','TURBO MPFI','57L','162Kw',5,'5AG','4D SEDAN','AWD','2640mm',1),(15122,'NISSAN','200','S15 SX SPEC S GT',2002,42990,'2.0L','TURBO MPFI','65L','147Kw',4,'6M','2D COUPE','RWD','2525mm',38),(15123,'NISSAN','200','SX SPORTS LIMITED',1994,38500,'2.0L','TURBO MPFI','65L','147Kw',4,'5M','2D COUPE','RWD','2525mm',10),(15124,'NISSAN','200','SX SPORTS',1996,44510,'2.0L','TURBO MPFI','65L','147Kw',4,'5M','2D COUPE','RWD','2525mm',34),(15125,'NISSAN','200','S15 SX SPEC S',2002,40990,'2.0L','TURBO MPFI','65L','147Kw',4,'6M','2D COUPE','RWD','2525mm',5),(15126,'NISSAN','200','S15 SX SPEC R GT',2002,46490,'2.0L','TURBO MPFI','65L','147Kw',4,'6M','2D COUPE','RWD','2525mm',25),(15127,'NISSAN','200','SX SPORTS LIMITED',1998,39990,'2.0L','TURBO MPFI','65L','147Kw',4,'5M','2D COUPE','RWD','2525mm',11),(15128,'NISSAN','200','S15 SX SPEC S',2001,40990,'2.0L','TURBO MPFI','65L','147Kw',4,'6M','2D COUPE','RWD','2525mm',14),(15129,'NISSAN','200','SX LUXURY',1998,49995,'2.0L','TURBO MPFI','65L','147Kw',4,'5M','2D COUPE','RWD','2525mm',14),(15130,'PEUGEOT','205','GTi',1990,33750,'1.9L','ELECTRONIC F/INJ','50L','75Kw',5,'5M','3D HATCHBACK','FWD','2420mm',29),(15140,'PEUGEOT','406','D8 ST',1997,39995,'2.0L','MULTI POINT F/INJ','70L','100Kw',5,'5M','4D SEDAN','FWD','2700mm',19),(15142,'PEUGEOT','405','Mi16',1993,41995,'2.0L','ELECTRONIC F/INJ','70L','112Kw',5,'5M','4D SEDAN','FWD','2669mm',28),(15143,'PEUGEOT','306','XT',2000,29490,'2.0L','MULTI POINT F/INJ','60L','100Kw',5,'5M','5D HATCHBACK','FWD','2580mm',23),(15144,'PEUGEOT','206','XT',2001,22990,'1.6L','MULTI POINT F/INJ','50L','67Kw',5,'5M','5D HATCHBACK','FWD','2442mm',24),(15146,'PEUGEOT','206','GTi',2004,29990,'2.0L','MULTI POINT F/INJ','50L','102Kw',5,'5M','3D HATCHBACK','FWD','2442mm',26),(15147,'PEUGEOT','406','D9',2004,69550,'2.9L','MULTI POINT F/INJ','70L','157Kw',4,'5M','2D COUPE','FWD','2700mm',20),(15148,'PEUGEOT','206','CC',2005,32990,'1.6L','MULTI POINT F/INJ','50L','80Kw',4,'5M','2D CABRIOLET','FWD','2442mm',26),(15149,'PEUGEOT','307','XSE',2003,31790,'2.0L','MULTI POINT F/INJ','60L','100Kw',5,'5M','5D HATCHBACK','FWD','2608mm',27),(15150,'PEUGEOT','206','XR',2002,19990,'1.4L','MULTI POINT F/INJ','50L','55Kw',5,'5M','5D HATCHBACK','FWD','2442mm',16),(15160,'PEUGEOT','405','D60 SRI',1992,34995,'1.9L','ELECTRONIC F/INJ','70L','80Kw',5,'5M','4D SEDAN','FWD','2669mm',11),(15161,'PEUGEOT','307','MY06 UPGRADE XSE HDi 2.0',2006,32290,'2.0L','DIESEL TURBO F/INJ','60L','100Kw',5,'6M','5D HATCHBACK','FWD','2608mm',9),(15162,'PEUGEOT','206','XT',2000,22450,'1.6L','MULTI POINT F/INJ','50L','67Kw',5,'5M','5D HATCHBACK','FWD','2442mm',8),(15163,'PEUGEOT','307','MY06 UPGRADE SPORT 2.0',2005,37990,'2.0L','MULTI POINT F/INJ','60L','130Kw',5,'5M','5D HATCHBACK','FWD','2608mm',29),(15165,'PEUGEOT','206','CC',2006,34990,'1.6L','MULTI POINT F/INJ','50L','80Kw',4,'4ATip','2D CABRIOLET','FWD','2442mm',31),(15166,'PEUGEOT','307','XSE',2004,33990,'2.0L','MULTI POINT F/INJ','60L','100Kw',5,'4ATip','5D HATCHBACK','FWD','2608mm',33),(15167,'PEUGEOT','206','C',2006,22990,'1.6L','MULTI POINT F/INJ','50L','82Kw',5,'5M','5D HATCHBACK','FWD','2442mm',14),(15168,'PEUGEOT','206','XR',2004,19990,'1.4L','MULTI POINT F/INJ','50L','55Kw',5,'5M','5D HATCHBACK','FWD','2442mm',35),(15169,'PEUGEOT','307','MY06 UPGRADE XSE HDi 2.0 TOURING',2006,33990,'2.0L','DIESEL TURBO F/INJ','60L','100Kw',5,'6M','4D WAGON','FWD','2708mm',36),(15181,'PEUGEOT','206','XR',2003,21990,'1.6L','MULTI POINT F/INJ','50L','82Kw',5,'5M','3D HATCHBACK','FWD','2442mm',31),(15184,'EUNOS','800','M',1996,85165,'2.3L','MILLER CYCLE','68L','149Kw',5,'4A','4D SEDAN','FWD','2750mm',15),(15186,'EUNOS','30','X SPORT',1996,37155,'1.8L','ELECTRONIC F/INJ','50L','99Kw',4,'5M','2D COUPE','FWD','2455mm',12),(15199,'CHRYSLER','VALIANT','CM GLX',1979,8014,'4.3L','CARB','79L','120Kw',5,'3A','4D SEDAN','RWD','2820mm',18),(15200,'CHRYSLER','300C','LE MY06 CRD',2006,57990,'3.0L','DIESEL TURBO F/INJ','71L','160Kw',5,'5A','4D SEDAN','RWD','3050mm',38),(15201,'CHRYSLER','VOYAGER','RG SE',2002,52590,'3.3L','MULTI POINT F/INJ','75L','128Kw',7,'4A','4D WAGON','FWD','2787mm',1),(15202,'CHRYSLER','CROSSFIRE','ZH ROADSTER',2005,75990,'3.2L','MULTI POINT F/INJ','60L','160Kw',2,'5ASeq','2D CONVERTIBLE','RWD','2400mm',14),(15203,'CHRYSLER','VOYAGER','GS SE',1999,48200,'3.3L','MULTI POINT F/INJ','76L','116Kw',7,'4A','4D WAGON','FWD','2878mm',3),(15204,'CHRYSLER','PT CRUISER','MY06 CLASSIC',2005,31990,'2.4L','MULTI POINT F/INJ','57L','105Kw',5,'4A','5D HATCHBACK','FWD','2616mm',33),(15205,'CHRYSLER','PT CRUISER','CLASSIC',2001,35200,'2.0L','MULTI POINT F/INJ','57L','104Kw',5,'5M','5D HATCHBACK','FWD','2616mm',37),(15207,'CHRYSLER','300C','LE MY06 SRT8',2006,71990,'6.1L','MULTI POINT F/INJ','71L','317Kw',5,'5A','4D SEDAN','RWD','3050mm',36),(15208,'CHRYSLER','GRAND VOYAGER','RG SE',2004,59090,'3.3L','MULTI POINT F/INJ','75L','128Kw',7,'4A','4D WAGON','FWD','3030mm',13),(15209,'CHRYSLER','NEON','SE',1997,24880,'2.0L','ELECTRONIC F/INJ','47L','98Kw',5,'3A','4D SEDAN','FWD','2642mm',9),(15210,'CHRYSLER','PT CRUISER','CLASSIC',2004,32490,'2.0L','MULTI POINT F/INJ','57L','104Kw',5,'4A','5D HATCHBACK','FWD','2616mm',29),(15220,'CHRYSLER','VOYAGER','RG 05 UPGRADE LX',2004,62980,'3.3L','MULTI POINT F/INJ','75L','128Kw',7,'4A','4D WAGON','FWD','3030mm',39),(15221,'CHRYSLER','PT CRUISER','LIMITED',2004,38490,'2.0L','MULTI POINT F/INJ','57L','104Kw',5,'4A','5D HATCHBACK','FWD','2616mm',21),(15222,'CHRYSLER','VOYAGER','GS SE',2001,46900,'3.3L','MULTI POINT F/INJ','76L','116Kw',7,'4A','4D WAGON','FWD','2878mm',20),(15223,'MAZDA','323','PROTEGE',1999,20990,'1.6L','MULTI POINT F/INJ','55L','78Kw',5,'5M','4D SEDAN','FWD','2610mm',12),(15224,'MAZDA','323','ASTINA',1997,35700,'2.0L','MULTI POINT F/INJ','55L','104Kw',5,'5M','5D HATCHBACK','FWD','2605mm',14),(15225,'MAZDA','323','ASTINA SHADES',2001,20490,'1.6L','MULTI POINT F/INJ','55L','78Kw',5,'5M','5D HATCHBACK','FWD','2605mm',26),(15226,'MAZDA','323','DELUXE',1983,8835,'1.5L','CARB','45L','54Kw',4,'5M','4D WAGON','RWD','2315mm',24),(15227,'MAZDA','323','PROTEGE SHADES',2000,19715,'1.6L','MULTI POINT F/INJ','55L','78Kw',5,'5M','4D SEDAN','FWD','2610mm',25),(15228,'MAZDA','323','PROTEGE',1997,22915,'1.8L','MULTI POINT F/INJ','55L','92Kw',5,'5M','4D SEDAN','FWD','2605mm',28),(15229,'MAZDA','323','ASTINA',1995,31050,'1.8L','MULTI POINT F/INJ','55L','92Kw',5,'4A','5D HATCHBACK','FWD','2605mm',24),(15230,'MAZDA','323','PROTEGE',1998,22915,'1.8L','MULTI POINT F/INJ','55L','92Kw',5,'5M','4D SEDAN','FWD','2605mm',30),(15240,'MAZDA','323','PROTEGE',2000,19715,'1.6L','MULTI POINT F/INJ','55L','78Kw',5,'5M','4D SEDAN','FWD','2610mm',18),(15241,'MAZDA','323','ASTINA',1993,25715,'1.8L','MULTI POINT F/INJ','55L','76Kw',5,'5M','5D HATCHBACK','FWD','2500mm',40),(15242,'MAZDA','323','ASTINA SHADES',2000,19715,'1.6L','MULTI POINT F/INJ','55L','78Kw',5,'5M','5D HATCHBACK','FWD','2605mm',34),(15243,'MAZDA','323','ASTINA',1996,38270,'2.0L','MULTI POINT F/INJ','55L','104Kw',5,'5M','5D HATCHBACK','FWD','2605mm',32),(15244,'MAZDA','323','ASTINA',1998,28480,'1.8L','MULTI POINT F/INJ','55L','92Kw',5,'4A','5D HATCHBACK','FWD','2605mm',26),(15245,'MAZDA','323','SUPER DELUXE',1989,20210,'1.6L','MULTI POINT F/INJ','48L','61Kw',5,'4A','5D HATCHBACK','FWD','2400mm',37),(15246,'MAZDA','323','PROTEGE',2003,21840,'1.8L','MULTI POINT F/INJ','55L','92Kw',5,'4A','4D SEDAN','FWD','2610mm',6),(15247,'MAZDA','323','ASTINA',2003,21840,'1.8L','MULTI POINT F/INJ','55L','92Kw',5,'4A','5D HATCHBACK','FWD','2610mm',36),(15248,'MAZDA','323','SUPER DELUXE',1988,19390,'1.6L','CARB','48L','53Kw',5,'3A','5D HATCHBACK','FWD','2400mm',28),(15249,'MAZDA','323','ASTINA SHADES',1998,26990,'1.8L','MULTI POINT F/INJ','55L','92Kw',5,'5M','5D HATCHBACK','FWD','2605mm',31),(15250,'MAZDA','323','ASTINA SP',1994,30085,'1.8L','MULTI POINT F/INJ','55L','92Kw',5,'5M','5D HATCHBACK','FWD','2500mm',10),(15259,'MAZDA','323','LIMITED',1985,15826,'1.6L','MULTI POINT F/INJ','45L','61Kw',5,'5M','5D HATCHBACK','FWD','2400mm',19),(15260,'MAZDA','323','ASTINA SP20',2002,29180,'2.0L','MULTI POINT F/INJ','55L','98Kw',5,'5M','5D HATCHBACK','FWD','2610mm',18),(15261,'MAZDA','323','PROTEGE SHADES',2002,20695,'1.6L','MULTI POINT F/INJ','55L','78Kw',5,'5M','4D SEDAN','FWD','2605mm',31),(15263,'MAZDA','323','BJ PROTEGE SHADES',2003,19990,'1.8L','MULTI POINT F/INJ','55L','92Kw',5,'5M','4D SEDAN','FWD','2610mm',16),(15264,'MAZDA','323','PROTEGE SP20',2002,26990,'2.0L','MULTI POINT F/INJ','55L','98Kw',5,'5M','4D SEDAN','FWD','2610mm',25),(15280,'MITSUBISHI','380','DB',2005,35990,'3.8L','MULTI POINT F/INJ','67L','175Kw',5,'5ASPM','4D SEDAN','FWD','2750mm',39),(15282,'TOYOTA','4 RUNNER','DELUXE 4x4',1989,28200,'2.4L','CARB','65L','75Kw',5,'5M4x4','4D WAGON','4WD','2625mm',18),(15284,'TOYOTA','4 RUNNER','RV6 4x4',1992,36954,'3.0L','ELECTRONIC F/INJ','65L','105Kw',5,'4A4x4','4D WAGON','4WD','2625mm',13),(15297,'MAZDA','626','CLASSIC',2000,31070,'2.0L','MULTI POINT F/INJ','64L','93Kw',5,'5M','5D HATCHBACK','FWD','2610mm',18),(15300,'MAZDA','626','ECLIPSE',2002,31980,'2.0L','MULTI POINT F/INJ','64L','93Kw',5,'4A','4D SEDAN','FWD','2610mm',18),(15301,'MAZDA','626','LUXURY',1999,37290,'2.0L','MULTI POINT F/INJ','64L','93Kw',5,'4A','5D HATCHBACK','FWD','2610mm',14),(15302,'MAZDA','626','DELUXE',1994,31335,'2.0L','MULTI POINT F/INJ','60L','85Kw',5,'4A','4D SEDAN','FWD','2610mm',18),(15303,'MAZDA','626','CLASSIC',1998,30180,'2.0L','MULTI POINT F/INJ','64L','93Kw',5,'5M','4D SEDAN','FWD','2610mm',8),(15304,'MAZDA','626','CLASSIC',1999,32430,'2.0L','MULTI POINT F/INJ','64L','93Kw',5,'4A','4D SEDAN','FWD','2610mm',13),(15305,'MAZDA','626','CLASSIC',2001,32900,'2.0L','MULTI POINT F/INJ','64L','93Kw',5,'4A','5D HATCHBACK','FWD','2610mm',26),(15306,'MAZDA','626','LIMITED EDITION',2000,30160,'2.0L','MULTI POINT F/INJ','64L','93Kw',5,'5M','4D SEDAN','FWD','2610mm',26),(15307,'AUDI','A4','B6 2.0',2002,50650,'2.0L','MULTI POINT F/INJ','70L','96Kw',5,'CVTM','4D SEDAN','FWD','2650mm',16),(15308,'AUDI','A3','8P SPORTBACK 2.0 TDI AMBITION DSG',2005,47750,'2.0L','DIESEL TURBO F/INJ','55L','103Kw',5,'6ADSG','5D HATCHBACK','FWD','2578mm',28),(15309,'AUDI','90','SPORT',1990,42245,'2.3L','ELECTRONIC F/INJ','68L','100Kw',5,'5M','4D SEDAN','FWD','2546mm',29),(15310,'AUDI','A4','B7 2.0',2007,50450,'2.0L','MULTI POINT F/INJ','70L','96Kw',5,'CVTM','4D SEDAN','FWD','2648mm',11),(15316,'AUDI','TT','MY99',1999,73000,'1.8L','TURBO MPFI','55L','132Kw',4,'5M','2D COUPE','FWD','2419mm',23),(15317,'AUDI','A4','1.8 SE 20V',1996,51320,'1.8L','MULTI POINT F/INJ','60L','92Kw',5,'4A','4D SEDAN','FWD','2617mm',17),(15321,'AUDI','A4','B6 2.0 AVANT',2003,54250,'2.0L','MULTI POINT F/INJ','70L','96Kw',5,'CVTM6','4D WAGON','FWD','2650mm',18),(15322,'AUDI','ALLROAD QUATTRO','C5',2001,99250,'2.7L','TWIN TURBO MPFI','70L','184Kw',5,'5ATip','4D WAGON','AWD','2760mm',11),(15323,'AUDI','A3','1.6',2003,35400,'1.6L','MULTI POINT F/INJ','55L','75Kw',5,'5M','5D HATCHBACK','FWD','2512mm',34),(15324,'AUDI','S3','1.8',2000,65850,'1.8L','TURBO MPFI','62L','154Kw',5,'6M','3D HATCHBACK','AWD','2519mm',38),(15325,'AUDI','A3','8P SPORTBACK 2.0 TDI AMBITION DSG',2006,47750,'2.0L','DIESEL TURBO F/INJ','55L','103Kw',5,'6ADSG','5D HATCHBACK','FWD','2578mm',15),(15326,'AUDI','A3','1.8',1999,42450,'1.8L','MULTI POINT F/INJ','55L','92Kw',5,'4A','3D HATCHBACK','FWD','2512mm',40),(15327,'AUDI','A3','1.8 TURBO',2004,44950,'1.8L','TURBO MPFI','55L','110Kw',5,'5M','5D HATCHBACK','FWD','2512mm',31),(15328,'AUDI','TT','QUATTRO',2004,92500,'1.8L','TURBO MPFI','62L','165Kw',2,'6M','2D ROADSTER','AWD','2429mm',39),(15329,'AUDI','A3','1.8',2002,38700,'1.8L','MULTI POINT F/INJ','55L','92Kw',5,'5M','5D HATCHBACK','FWD','2512mm',19),(15330,'AUDI','A6','4B 2.4 V6',2003,80900,'2.4L','MULTI POINT F/INJ','70L','125Kw',5,'CVTM6','4D SEDAN','FWD','2749mm',10),(15340,'SAAB','9-Mar','MY07 LINEAR SPORT 1.9TiD SPORTCOMBI',2007,53400,'1.9L','TURBO MPFI','58L','110Kw',5,'5A','4D WAGON','FWD','2675mm',18),(15341,'SAAB','9-May','SE',2000,67986,'2.3L','TURBO MPFI','75L','125Kw',5,'4A','4D SEDAN','FWD','2703mm',21),(15342,'SAAB','9-Mar','MY04 ARC 2.0T',2004,56400,'2.0L','TURBO MPFI','62L','129Kw',5,'5A','4D SEDAN','FWD','2675mm',26),(15343,'SAAB','9-Mar','MY02 AERO',2002,64575,'2.0L','TURBO MPFI','68L','151Kw',5,'4A','5D HATCHBACK','FWD','2605mm',11),(15344,'SAAB','9-May','MY04 AERO',2004,84900,'2.3L','TURBO MPFI','75L','184Kw',5,'5AST','4D SEDAN','FWD','2703mm',24),(15345,'SAAB','900','SE 2.5 V6',1996,63900,'2.5L','MULTI POINT F/INJ','68L','125Kw',5,'4A','5D HATCHBACK','FWD','2600mm',11),(15346,'SAAB','9-Mar','MY03 TURBO 2.0t LTD ED',2003,73000,'2.0L','TURBO MPFI','68L','110Kw',5,'4A','2D CONVERTIBLE','FWD','2605mm',11),(15347,'SAAB','9000','CS ANNIVERSARY',1998,54900,'2.3L','TURBO EFI','66L','125Kw',5,'4A','4D HATCHBACK','FWD','2672mm',13),(15348,'SAAB','900','S 2.5 V6',1994,45900,'2.5L','MULTI POINT F/INJ','68L','125Kw',5,'5M','5D HATCHBACK','FWD','2600mm',28),(15349,'SAAB','9-May','MY01 S',2001,64000,'2.3L','TURBO MPFI','75L','136Kw',5,'4A','4D SEDAN','FWD','2703mm',29),(15350,'SAAB','9-Mar','MY05 AERO',2005,93000,'2.0L','TURBO MPFI','62L','155Kw',4,'5ASEN','2D CONVERTIBLE','FWD','2675mm',30),(15357,'SAAB','9000','CSE',1994,79200,'2.3L','TURBO EFI','66L','147Kw',5,'4A','4D HATCHBACK','FWD','2672mm',21),(15360,'SAAB','9-Mar','AERO',2000,80887,'2.0L','TURBO MPFI','64L','158Kw',5,'5M','2D CONVERTIBLE','FWD','2605mm',35),(15361,'SAAB','9-Mar','S',2001,63885,'2.0L','TURBO MPFI','68L','113Kw',4,'5M','2D CONVERTIBLE','FWD','2605mm',33),(15362,'SAAB','9-Mar','MY04 AERO 2.0t',2004,67900,'2.0L','TURBO MPFI','62L','155Kw',5,'6M','4D SEDAN','FWD','2675mm',17),(15363,'SAAB','9000','CS',1997,52000,'2.3L','TURBO EFI','66L','125Kw',5,'4A','4D HATCHBACK','FWD','2672mm',38),(15364,'SAAB','9000','CS',1996,50400,'2.3L','TURBO EFI','66L','125Kw',5,'4A','4D HATCHBACK','FWD','2672mm',25),(15365,'SAAB','9-Mar','S',2000,65985,'2.0L','TURBO MPFI','68L','113Kw',4,'4A','2D CONVERTIBLE','FWD','2605mm',37),(15366,'SAAB','9-Mar','SE',1999,62000,'2.0L','TURBO MPFI','68L','136Kw',5,'4A','5D SEDAN','FWD','2605mm',12),(15367,'SAAB','9000','CD 16',1993,46990,'2.3L','ELECTRONIC F/INJ','66L','108Kw',5,'4A','4D SEDAN','FWD','2672mm',22),(15368,'MAZDA','929','DELUXE',1987,23010,'2.0L','MULTI POINT F/INJ','60L','70Kw',5,'5M','4D SEDAN','RWD','2615mm',10),(15369,'MAZDA','929','LUXURY',1986,29600,'2.0L','MULTI POINT F/INJ','60L','70Kw',5,'4A','2D HARDTOP','RWD','2615mm',34),(15400,'HONDA','ACCORD','40 VTi',2005,29990,'2.4L','MULTI POINT F/INJ','65L','118Kw',5,'5A','4D SEDAN','FWD','2740mm',40);
/*!40000 ALTER TABLE `search_vehicle` ENABLE KEYS */;
UNLOCK TABLES;
/*!40103 SET TIME_ZONE=@OLD_TIME_ZONE */;

/*!40101 SET SQL_MODE=@OLD_SQL_MODE */;
/*!40014 SET FOREIGN_KEY_CHECKS=@OLD_FOREIGN_KEY_CHECKS */;
/*!40014 SET UNIQUE_CHECKS=@OLD_UNIQUE_CHECKS */;
/*!40101 SET CHARACTER_SET_CLIENT=@OLD_CHARACTER_SET_CLIENT */;
/*!40101 SET CHARACTER_SET_RESULTS=@OLD_CHARACTER_SET_RESULTS */;
/*!40101 SET COLLATION_CONNECTION=@OLD_COLLATION_CONNECTION */;
/*!40111 SET SQL_NOTES=@OLD_SQL_NOTES */;

-- Dump completed on 2018-10-23 12:37:57
